client_id,symbol,shares,avg_cost
CLIENT001,SPY,721152,553.32
CLIENT001,KO,2154700,77.52
CLIENT001,C,2225376,83.36
CLIENT001,JPM,2292934,119.14
CLIENT001,AAPL,570309,191.33
CLIENT001,PG,1036198,167.78
CLIENT001,TLT,1306012,71.86
CLIENT001,PEP,1346381,148.92
CLIENT001,ETH-USD,12369,4585.83
CLIENT001,BTC-USD,1872,44058.35
CLIENT001,USO,450524,63.11
CLIENT001,GOOGL,27436,2320.88
CLIENT001,VNQ,1088274,107.3
CLIENT001,SLV,1927988,27.37
CLIENT001,TSLA,83785,240.84
CLIENT001,QQQ,56643,388.27
CLIENT001,GLD,474603,227.21
CLIENT001,AMZN,10233,3059.63
CLIENT001,IEF,9065565,73.43
CLIENT002,MSFT,369102,333.89
CLIENT002,VTI,804131,320.24
CLIENT002,KO,3094585,58.68
CLIENT002,JPM,294410,195.98
CLIENT002,C,3929385,33.02
CLIENT002,WFC,2632946,62.39
CLIENT002,SPY,211187,444.02
CLIENT002,NVDA,112736,662.96
CLIENT002,QQQ,305680,282.75
CLIENT002,TSLA,301082,352.92
CLIENT002,BTC-USD,378,73328.68
CLIENT002,IWM,285339,215.08
CLIENT002,USO,384282,90.06
CLIENT002,AAPL,208090,160.12
CLIENT002,JNJ,56690,213.48
CLIENT002,GOOGL,218041,2180.99
CLIENT003,PEP,341178,142.4
CLIENT003,IWM,815282,275.19
CLIENT003,TSLA,457283,207.68
CLIENT003,AMZN,44622,3034.53
CLIENT003,WFC,1633978,57.39
CLIENT003,IEF,666065,130.33
CLIENT003,GOOGL,18623,3141.69
CLIENT003,MSFT,189409,415.34
CLIENT003,TLT,1369615,78.36
CLIENT003,AAPL,151587,235.4
CLIENT003,NVDA,110991,404.6
CLIENT003,PG,404570,164.02
CLIENT003,BTC-USD,806,66289.46
CLIENT003,GLD,124223,220.14
CLIENT003,SLV,1464004,28.79
CLIENT003,JPM,149547,202.84
CLIENT003,VTI,51728,323.17
CLIENT003,QQQ,142761,452.47
CLIENT003,JNJ,178981,199.91
CLIENT003,USO,197854,83.16
CLIENT003,SPY,42994,584.79
CLIENT003,ETH-USD,6203,5380.63
CLIENT003,BAC,5162803,50.23
CLIENT004,WFC,2618430,56.61
CLIENT004,PEP,433456,176.52
CLIENT004,JNJ,545769,195.15
CLIENT004,IWM,573012,239.65
CLIENT004,NVDA,121248,990.72
CLIENT004,GLD,623016,187.09
CLIENT004,SLV,3463349,25.29
CLIENT004,MSFT,213521,346.56
CLIENT004,PG,363030,157.62
CLIENT004,GOOGL,6164,3489.59
CLIENT004,USO,781699,91.68
CLIENT004,TLT,398279,141.48
CLIENT004,VTI,133099,226.99
CLIENT004,VNQ,255097,86.75
CLIENT004,AMZN,3448,2592.51
CLIENT004,AAPL,41383,187.4
CLIENT004,JPM,296411,115.28
CLIENT004,ETH-USD,11404,2959.18
CLIENT004,C,907888,37.08
CLIENT004,SPY,21866,363.88
CLIENT004,KO,2724136,72.62
CLIENT005,PG,878620,135.03
CLIENT005,PEP,738076,171.03
CLIENT005,IWM,452623,181.41
CLIENT005,SPY,144584,579.21
CLIENT005,TSLA,173875,296.61
CLIENT005,QQQ,210247,533.61
CLIENT005,AAPL,223740,230.53
CLIENT005,BTC-USD,1132,43428.4
CLIENT005,AMZN,28903,2832.82
CLIENT005,WFC,1452033,49.25
CLIENT005,BAC,800395,58.05
CLIENT005,NVDA,109240,577.1
CLIENT005,GOOGL,7003,2179.26
CLIENT005,JNJ,332862,122.45
CLIENT005,VNQ,73254,139.1
CLIENT005,C,4655099,67.8
CLIENT006,VTI,484247,313.83
CLIENT006,TLT,686912,126.46
CLIENT006,JNJ,327592,175.55
CLIENT006,C,900753,48.11
CLIENT006,JPM,965857,113.89
CLIENT006,BAC,392564,58.8
CLIENT006,MSFT,60946,410.64
CLIENT006,QQQ,1658558,411.33
CLIENT007,AAPL,286126,219.18
CLIENT007,ETH-USD,36444,4080.79
CLIENT007,PG,1209433,140.09
CLIENT007,MSFT,309439,339.8
CLIENT007,WFC,3526833,50.13
CLIENT007,TSLA,216079,265.15
CLIENT007,JPM,644366,192.17
CLIENT007,BTC-USD,1371,65862.22
CLIENT007,SPY,77672,549.52
CLIENT007,KO,1207781,48.47
CLIENT007,BAC,4632030,31.03
CLIENT007,GOOGL,19912,2125.23
CLIENT007,IEF,255978,84.3
CLIENT007,NVDA,113158,513.81
CLIENT007,USO,8942845,89.32
CLIENT008,BAC,774267,48.89
CLIENT008,NVDA,233250,489.94
CLIENT008,TLT,561985,124.44
CLIENT008,AAPL,346536,199.39
CLIENT008,C,456473,35.65
CLIENT008,VTI,274496,161.3
CLIENT008,ETH-USD,13122,4025.81
CLIENT008,MSFT,106319,241.59
CLIENT008,IEF,637922,96.18
CLIENT008,BTC-USD,578,70757.0
CLIENT008,PEP,296634,214.0
CLIENT008,SPY,134062,329.75
CLIENT008,ETH-USD,5182,2779.24
CLIENT008,JNJ,77614,159.65
CLIENT008,TSLA,216456,200.89
CLIENT008,GLD,87457,209.86
CLIENT008,SLV,1205132,23.23
CLIENT008,WFC,209329,37.9
CLIENT008,QQQ,72767,431.48
CLIENT008,PG,1002020,183.49
CLIENT009,IEF,1122506,121.04
CLIENT009,SPY,363072,434.56
CLIENT009,NVDA,87517,378.35
CLIENT009,TLT,990751,74.41
CLIENT009,MSFT,239485,342.53
CLIENT009,USO,1493101,100.06
CLIENT009,PG,203756,131.03
CLIENT009,BAC,2205198,49.91
CLIENT009,AMZN,29213,3779.16
CLIENT009,AAPL,109149,166.33
CLIENT009,WFC,542462,57.03
CLIENT009,GLD,266908,214.61
CLIENT009,VNQ,672456,95.49
CLIENT009,JPM,186236,209.28
CLIENT009,TSLA,110958,321.83
CLIENT009,C,671224,58.45
CLIENT009,VTI,82364,254.61
CLIENT009,QQQ,1293114,290.35
CLIENT010,ETH-USD,29276,3306.99
CLIENT010,C,2380922,46.06
CLIENT010,TLT,105927,136.6
CLIENT010,PEP,492758,167.93
CLIENT010,BAC,1422222,53.4
CLIENT010,IEF,557840,114.66
CLIENT010,USO,270724,104.81
CLIENT010,JPM,446592,111.89
CLIENT010,GLD,228291,180.01
CLIENT010,QQQ,878442,349.44
CLIENT011,ETH-USD,27287,3730.41
CLIENT011,SPY,222107,509.67
CLIENT011,VNQ,1601056,85.15
CLIENT011,USO,581881,94.05
CLIENT011,PEP,196223,194.79
CLIENT011,GOOGL,12675,2010.4
CLIENT011,AMZN,17229,3082.43
CLIENT011,C,2399971,39.67
CLIENT011,KO,1128791,73.5
CLIENT011,QQQ,57373,367.77
CLIENT011,TLT,333746,126.75
CLIENT011,WFC,490470,60.27
CLIENT011,BAC,1159288,24.38
CLIENT011,MSFT,152692,398.47
CLIENT011,SLV,15696779,22.74
CLIENT012,USO,1942990,63.08
CLIENT012,JNJ,852216,164.84
CLIENT012,PG,444225,172.04
CLIENT012,QQQ,397409,284.97
CLIENT012,NVDA,174185,491.17
CLIENT012,AAPL,197123,186.98
CLIENT012,IEF,169375,136.6
CLIENT012,GOOGL,29601,2699.09
CLIENT012,BTC-USD,2532,40060.11
CLIENT012,KO,1218700,59.74
CLIENT012,JPM,503580,151.45
CLIENT012,SPY,49746,573.56
CLIENT012,BAC,835028,54.73
CLIENT012,GLD,61233,155.11
CLIENT012,TLT,116576,125.82
CLIENT012,TSLA,215787,222.74
CLIENT012,VTI,107791,207.72
CLIENT012,IWM,152644,266.97
CLIENT012,ETH-USD,6502,3319.79
CLIENT012,SLV,10782717,20.41
CLIENT013,SPY,198414,364.15
CLIENT013,JNJ,351924,133.63
CLIENT013,SLV,1571999,34.53
CLIENT013,TSLA,482544,212.43
CLIENT013,WFC,821035,69.71
CLIENT013,GOOGL,32647,2402.72
CLIENT013,GLD,106283,194.31
CLIENT013,ETH-USD,179042,2555.81
CLIENT014,PG,297603,186.76
CLIENT014,WFC,802020,64.44
CLIENT014,ETH-USD,23941,2816.5
CLIENT014,BTC-USD,375,81137.68
CLIENT014,BAC,487718,46.73
CLIENT014,KO,837202,57.47
CLIENT014,C,409431,36.44
CLIENT014,TLT,239814,133.77
CLIENT014,NVDA,46582,643.24
CLIENT014,MSFT,79642,268.75
CLIENT014,AAPL,222823,224.52
CLIENT014,IEF,526265,77.0
CLIENT014,GOOGL,10319,3103.86
CLIENT014,QQQ,88189,422.69
CLIENT014,JPM,147272,125.39
CLIENT014,JNJ,38719,194.72
CLIENT014,PEP,68430,207.9
CLIENT014,VTI,1073369,163.52
CLIENT015,BTC-USD,1273,71675.48
CLIENT015,IWM,326944,177.05
CLIENT015,GLD,351061,208.29
CLIENT015,SLV,1585934,27.21
CLIENT015,SPY,57963,528.74
CLIENT015,IEF,321488,125.48
CLIENT015,JPM,105695,126.54
CLIENT015,AAPL,55112,212.34
CLIENT015,TSLA,140893,177.91
CLIENT015,PG,257547,116.23
CLIENT015,PEP,159116,177.91
CLIENT015,GOOGL,2160,3085.94
CLIENT015,VNQ,93746,128.03
CLIENT015,BTC-USD,172,56031.02
CLIENT015,QQQ,66408,404.04
CLIENT015,JNJ,75277,123.12
CLIENT015,ETH-USD,5196,3321.29
CLIENT015,TLT,25423,140.08
CLIENT015,C,262848,75.01
CLIENT015,NVDA,19301,435.45
CLIENT015,VTI,486605,250.39
CLIENT016,JPM,302704,180.57
CLIENT016,USO,1281648,60.37
CLIENT016,AAPL,105574,152.89
CLIENT016,VNQ,425597,141.41
CLIENT016,BAC,349035,48.81
CLIENT016,SPY,44687,532.05
CLIENT016,AMZN,3982,4182.41
CLIENT016,ETH-USD,10996,2716.03
CLIENT016,TSLA,95615,236.92
CLIENT016,TLT,126831,139.39
CLIENT016,GLD,243198,128.05
CLIENT016,NVDA,20967,871.43
CLIENT016,MSFT,84256,331.3
CLIENT016,SLV,505655,29.89
CLIENT016,PG,57471,154.57
CLIENT016,IWM,48332,281.79
CLIENT016,IEF,130846,100.75
CLIENT016,C,235174,35.56
CLIENT016,JNJ,49838,213.81
CLIENT016,WFC,258610,42.48
CLIENT016,BTC-USD,258,33682.49
CLIENT016,KO,46162,57.72
CLIENT016,VTI,371628,227.27
CLIENT017,QQQ,92878,283.77
CLIENT017,GLD,295476,193.3
CLIENT017,TSLA,67182,258.61
CLIENT017,BTC-USD,186,69759.39
CLIENT017,IWM,215090,259.1
CLIENT017,AMZN,10038,2758.99
CLIENT017,BAC,173429,56.19
CLIENT017,USO,116319,105.63
CLIENT017,GOOGL,2936,3128.04
CLIENT017,TLT,331718,138.79
CLIENT017,JPM,215048,148.6
CLIENT017,VTI,132843,230.76
CLIENT017,PEP,43004,189.35
CLIENT017,VNQ,216594,117.29
CLIENT017,NVDA,59027,363.61
CLIENT017,ETH-USD,3785,4278.54
CLIENT017,SPY,249151,528.31
CLIENT018,AAPL,586271,180.14
CLIENT018,MSFT,227457,379.95
CLIENT018,ETH-USD,6292,4020.52
CLIENT018,QQQ,171113,404.18
CLIENT018,WFC,1259333,35.65
CLIENT018,SLV,1884168,21.99
CLIENT018,USO,92143,78.8
CLIENT018,GOOGL,14989,3127.87
CLIENT018,ETH-USD,4526,3614.13
CLIENT018,VTI,1351737,204.67
CLIENT019,SLV,5313514,26.28
CLIENT019,TLT,712271,96.85
CLIENT019,JNJ,980524,154.71
CLIENT019,MSFT,120799,267.18
CLIENT019,GOOGL,29457,3287.8
CLIENT019,BAC,3989754,25.8
CLIENT019,VNQ,1209286,81.41
CLIENT019,WFC,392001,69.49
CLIENT019,JPM,744397,116.11
CLIENT019,NVDA,71243,481.04
CLIENT019,GLD,133916,189.5
CLIENT019,PEP,302241,185.17
CLIENT019,ETH-USD,5318,5240.51
CLIENT019,IWM,406916,188.35
CLIENT019,VTI,332623,202.21
CLIENT019,QQQ,44271,401.49
CLIENT019,PG,99688,159.5
CLIENT019,USO,421976,86.61
CLIENT019,AAPL,224496,226.18
CLIENT019,C,9354606,46.73
CLIENT020,AMZN,43036,3205.13
CLIENT020,AAPL,750924,224.05
CLIENT020,BAC,3586191,32.31
CLIENT020,TLT,1049911,124.14
CLIENT020,ETH-USD,14890,2569.53
CLIENT020,VNQ,1835750,102.99
CLIENT020,BTC-USD,1534,63911.08
CLIENT020,SPY,362242,408.05
CLIENT020,MSFT,276577,442.1
CLIENT020,JPM,236616,103.01
CLIENT020,TSLA,98082,287.34
CLIENT020,USO,620513,107.11
CLIENT020,JNJ,452599,188.49
CLIENT020,KO,783931,50.01
CLIENT020,SLV,2433667,23.8
CLIENT020,PEP,107412,196.64
CLIENT020,PG,427243,147.18
CLIENT020,C,209724,64.74
CLIENT020,GLD,134474,222.84
CLIENT020,WFC,5837171,53.64
CLIENT021,AMZN,41264,3347.57
CLIENT021,NVDA,61979,572.5
CLIENT021,PEP,509209,199.88
CLIENT021,IEF,2089856,81.81
CLIENT021,C,719349,51.75
CLIENT021,MSFT,294218,453.28
CLIENT021,PG,187069,138.03
CLIENT021,TLT,637833,143.76
CLIENT021,SLV,3562528,27.84
CLIENT021,TSLA,145067,239.44
CLIENT021,JNJ,302576,190.92
CLIENT021,ETH-USD,168816,2925.31
CLIENT022,SPY,263459,388.36
CLIENT022,VTI,297386,176.52
CLIENT022,ETH-USD,3574,3921.43
CLIENT022,TLT,167193,85.23
CLIENT022,KO,987915,55.56
CLIENT022,USO,672711,96.1
CLIENT022,JPM,195335,149.85
CLIENT022,WFC,8059719,61.8
CLIENT023,NVDA,79752,538.04
CLIENT023,VTI,226180,252.09
CLIENT023,ETH-USD,14133,3755.07
CLIENT023,SLV,898749,24.39
CLIENT023,VNQ,217178,87.33
CLIENT023,IEF,829416,113.44
CLIENT023,GOOGL,26898,3069.32
CLIENT023,KO,975566,66.78
CLIENT023,GLD,261096,202.26
CLIENT023,TLT,571024,93.5
CLIENT023,WFC,508292,70.46
CLIENT023,C,129760,73.56
CLIENT023,JPM,384989,122.21
CLIENT023,QQQ,90083,329.16
CLIENT023,IWM,140127,183.85
CLIENT023,BAC,511243,51.63
CLIENT023,AMZN,4880,3910.05
CLIENT023,MSFT,75963,336.7
CLIENT023,TSLA,66431,232.67
CLIENT023,BTC-USD,332,45861.53
CLIENT023,PEP,47527,177.62
CLIENT023,USO,206321,52.39
CLIENT023,PG,16868,184.68
CLIENT023,JNJ,14789,213.38
CLIENT023,SPY,162412,572.84
CLIENT024,VNQ,751222,96.28
CLIENT024,AMZN,25051,4013.97
CLIENT024,GLD,187718,193.58
CLIENT024,USO,981128,57.46
CLIENT024,IWM,243495,231.77
CLIENT024,KO,557905,47.7
CLIENT024,AAPL,68629,201.43
CLIENT024,MSFT,108980,277.54
CLIENT024,BTC-USD,589,83316.65
CLIENT024,QQQ,96000,459.48
CLIENT024,PG,189613,141.32
CLIENT024,JPM,327863,108.27
CLIENT024,ETH-USD,4784,2774.21
CLIENT024,IEF,2186717,90.77
CLIENT025,JPM,376458,198.69
CLIENT025,C,1794567,40.57
CLIENT025,TSLA,390891,218.08
CLIENT025,GOOGL,17296,2775.36
CLIENT025,IEF,609883,83.63
CLIENT025,SLV,1674421,22.55
CLIENT025,VNQ,233627,129.63
CLIENT025,TLT,1084027,79.47
CLIENT025,AAPL,129829,193.95
CLIENT025,GLD,315137,145.71
CLIENT025,PEP,349620,227.3
CLIENT025,JNJ,169717,188.89
CLIENT025,QQQ,222402,289.99
CLIENT025,MSFT,1083452,384.72
CLIENT026,VNQ,379877,116.47
CLIENT026,QQQ,137603,534.2
CLIENT026,IEF,405024,130.03
CLIENT026,AAPL,574495,184.87
CLIENT026,ETH-USD,33639,3020.55
CLIENT026,SPY,74635,416.68
CLIENT026,TLT,346901,124.02
CLIENT026,BAC,1548999,27.33
CLIENT026,ETH-USD,22957,3047.65
CLIENT026,PEP,119150,212.73
CLIENT026,JNJ,97054,155.62
CLIENT026,VTI,127820,303.17
CLIENT026,USO,218525,97.64
CLIENT026,IWM,137813,218.97
CLIENT026,JPM,136643,212.21
CLIENT026,C,753327,40.31
CLIENT026,PG,172521,112.56
CLIENT026,NVDA,5085,1044.43
CLIENT026,GOOGL,6025,3033.64
CLIENT026,WFC,3581603,50.89
CLIENT027,ETH-USD,14517,4032.01
CLIENT027,JNJ,247031,169.85
CLIENT027,TSLA,90669,268.64
CLIENT027,BTC-USD,453,74751.52
CLIENT027,SLV,3264802,18.76
CLIENT027,ETH-USD,2246,5185.04
CLIENT027,GLD,172643,136.48
CLIENT027,BTC-USD,1342,38303.6
CLIENT027,JPM,109885,201.35
CLIENT027,IWM,169672,265.76
CLIENT027,GOOGL,9649,2265.02
CLIENT027,PEP,190129,184.98
CLIENT027,TLT,122154,126.87
CLIENT027,AMZN,7884,2669.2
CLIENT027,C,487136,50.21
CLIENT027,VTI,20133,331.32
CLIENT027,NVDA,7247,480.37
CLIENT027,BAC,532768,35.58
CLIENT027,VNQ,229718,65.56
CLIENT027,KO,2123783,48.95
CLIENT028,SLV,3763773,19.47
CLIENT028,WFC,682785,64.18
CLIENT028,KO,273912,71.29
CLIENT028,BTC-USD,1083,38620.43
CLIENT028,ETH-USD,10782,4921.84
CLIENT028,TSLA,55463,308.25
CLIENT028,IEF,375048,94.71
CLIENT028,USO,261740,88.36
CLIENT028,QQQ,22815,282.52
CLIENT028,JPM,160925,187.29
CLIENT028,VNQ,180366,70.32
CLIENT028,JNJ,82407,141.77
CLIENT028,BAC,196913,32.41
CLIENT028,NVDA,40362,561.98
CLIENT028,C,283829,80.96
CLIENT028,VTI,46990,299.35
CLIENT028,AMZN,37222,3912.59
CLIENT029,GOOGL,19866,3592.13
CLIENT029,C,589131,83.77
CLIENT029,SLV,505566,21.78
CLIENT029,GLD,106605,159.36
CLIENT029,WFC,325570,70.48
CLIENT029,KO,193667,76.68
CLIENT029,BAC,746099,47.05
CLIENT029,ETH-USD,6408,5192.47
CLIENT029,NVDA,532861,497.52
CLIENT030,MSFT,123724,414.37
CLIENT030,GLD,253333,204.73
CLIENT030,TLT,721870,65.37
CLIENT030,BTC-USD,688,44631.85
CLIENT030,USO,233063,107.49
CLIENT030,ETH-USD,5184,3227.33
CLIENT030,NVDA,37592,786.08
CLIENT030,JNJ,42254,170.03
CLIENT030,C,74818,73.27
CLIENT030,PEP,27014,210.19
CLIENT030,QQQ,52205,304.67
CLIENT030,IEF,40197,108.69
CLIENT030,JPM,89403,207.58
CLIENT030,AMZN,48307,3320.7
CLIENT031,PEP,539663,130.48
CLIENT031,VNQ,191223,119.94
CLIENT031,USO,248549,48.24
CLIENT031,JNJ,166715,176.66
CLIENT031,BTC-USD,586,59031.29
CLIENT031,GLD,354478,204.01
CLIENT031,NVDA,54304,685.39
CLIENT031,SLV,787713,28.08
CLIENT031,QQQ,42940,429.4
CLIENT031,GOOGL,3703,2570.16
CLIENT031,C,499180,44.58
CLIENT031,WFC,192156,57.31
CLIENT031,TSLA,160508,208.49
CLIENT031,BAC,536352,47.1
CLIENT031,AAPL,190741,155.36
CLIENT031,SPY,55601,354.27
CLIENT031,PG,146876,128.89
CLIENT031,IEF,333139,88.43
CLIENT031,AMZN,8576,2731.63
CLIENT031,VTI,18397,249.26
CLIENT031,KO,72505,65.3
CLIENT031,JPM,95966,207.58
CLIENT031,MSFT,22840,360.82
CLIENT031,IWM,717090,153.85
CLIENT032,WFC,610245,56.94
CLIENT032,PEP,283729,206.0
CLIENT032,JPM,110309,202.7
CLIENT032,AAPL,95901,225.38
CLIENT032,KO,743024,74.98
CLIENT032,PG,180894,181.83
CLIENT032,GLD,219941,147.83
CLIENT032,TLT,54555,128.06
CLIENT032,MSFT,61435,339.16
CLIENT032,VTI,74304,265.35
CLIENT032,NVDA,31296,736.56
CLIENT032,QQQ,91529,329.0
CLIENT032,SLV,5760270,33.16
CLIENT033,IWM,248010,178.25
CLIENT033,JPM,305727,113.0
CLIENT033,JNJ,178470,167.95
CLIENT033,BAC,762539,46.74
CLIENT033,VTI,94198,283.96
CLIENT033,NVDA,33266,1023.13
CLIENT033,PEP,143019,217.27
CLIENT033,BTC-USD,193,40868.36
CLIENT033,QQQ,409959,429.03
CLIENT034,PEP,272439,129.38
CLIENT034,SPY,20330,469.73
CLIENT034,TLT,179613,122.49
CLIENT034,MSFT,126097,279.25
CLIENT034,IEF,343165,99.38
CLIENT034,BAC,100000,51.9
CLIENT034,WFC,555378,59.17
CLIENT034,JNJ,29312,188.99
CLIENT034,KO,110907,60.83
CLIENT034,GOOGL,4672,2307.03
CLIENT034,AAPL,113568,155.51
CLIENT034,IWM,31378,229.29
CLIENT034,VNQ,72634,82.22
CLIENT034,GLD,69846,215.93
CLIENT034,JPM,60651,151.79
CLIENT034,USO,64444,89.46
CLIENT034,AMZN,3527,3869.44
CLIENT034,SLV,3304119,32.76
CLIENT035,BTC-USD,250,76116.51
CLIENT035,MSFT,183001,240.03
CLIENT035,VTI,32517,288.22
CLIENT035,AAPL,250600,133.4
CLIENT035,BAC,112910,53.0
CLIENT035,JNJ,34685,211.03
CLIENT035,BTC-USD,108,70618.67
CLIENT035,VNQ,150560,76.83
CLIENT035,IEF,83771,141.08
CLIENT035,IWM,128471,193.69
CLIENT035,KO,427051,49.67
CLIENT035,NVDA,18602,635.53
CLIENT035,SLV,505843,29.78
CLIENT035,SPY,8119,345.69
CLIENT035,TLT,161711,89.29
CLIENT035,ETH-USD,2835,2916.52
CLIENT035,PEP,37379,162.41
CLIENT035,PG,58542,123.27
CLIENT035,C,142891,43.21
CLIENT035,GOOGL,35202,2041.55
CLIENT036,IEF,871155,120.09
CLIENT036,BAC,2084867,38.99
CLIENT036,C,561517,79.74
CLIENT036,GOOGL,30350,3576.41
CLIENT036,PG,714341,136.38
CLIENT036,JNJ,424409,147.08
CLIENT036,AAPL,219223,226.83
CLIENT036,TSLA,72101,222.25
CLIENT036,VNQ,1010301,97.04
CLIENT036,AMZN,16109,3248.48
CLIENT036,USO,906004,92.47
CLIENT036,MSFT,158281,292.58
CLIENT036,TLT,229851,120.3
CLIENT036,NVDA,16914,543.12
CLIENT036,WFC,1667747,35.01
CLIENT036,KO,486806,73.81
CLIENT036,PEP,1645158,184.52
CLIENT037,USO,318062,64.09
CLIENT037,GLD,413428,174.52
CLIENT037,WFC,1055331,62.91
CLIENT037,QQQ,25089,526.31
CLIENT037,JNJ,324706,122.29
CLIENT037,IWM,277456,207.37
CLIENT037,JPM,617629,121.56
CLIENT037,IEF,230836,94.41
CLIENT037,AMZN,17240,2521.32
CLIENT037,BTC-USD,894,38264.83
CLIENT037,KO,433019,72.67
CLIENT037,BAC,491287,52.32
CLIENT037,TSLA,96308,270.1
CLIENT037,VTI,55437,300.83
CLIENT037,SPY,37321,541.02
CLIENT037,AAPL,140878,173.35
CLIENT037,ETH-USD,8481,2651.33
CLIENT037,PG,28995,160.69
CLIENT037,NVDA,24705,534.32
CLIENT037,VNQ,1631616,92.69
CLIENT038,MSFT,67699,441.96
CLIENT038,SLV,3688401,24.42
CLIENT038,AAPL,378637,203.07
CLIENT038,IWM,121641,226.17
CLIENT038,USO,618446,76.01
CLIENT038,C,237819,78.64
CLIENT038,GLD,97796,136.15
CLIENT038,GOOGL,15203,3220.74
CLIENT038,IEF,176333,74.76
CLIENT038,JNJ,1411879,201.45
CLIENT039,USO,338407,107.45
CLIENT039,SPY,76369,599.49
CLIENT039,VNQ,291696,76.48
CLIENT039,AMZN,21296,2485.83
CLIENT039,TLT,374237,94.47
CLIENT039,JNJ,181806,126.68
CLIENT039,GOOGL,4172,2042.39
CLIENT039,WFC,865252,33.15
CLIENT039,PG,123652,113.68
CLIENT039,BTC-USD,402,57699.45
CLIENT039,VTI,50555,178.86
CLIENT039,AAPL,219740,121.31
CLIENT039,IWM,62940,280.09
CLIENT039,JPM,107320,124.69
CLIENT039,GLD,588904,225.84
CLIENT040,AAPL,140676,131.73
CLIENT040,TSLA,73989,183.91
CLIENT040,JNJ,73800,123.88
CLIENT040,USO,488992,97.31
CLIENT040,GLD,60749,178.17
CLIENT040,BAC,819641,30.49
CLIENT040,SPY,64446,587.03
CLIENT040,ETH-USD,4829,3469.01
CLIENT040,QQQ,65197,467.71
CLIENT040,JPM,115995,123.22
CLIENT040,C,727840,34.71
CLIENT040,IWM,48472,207.67
CLIENT040,AMZN,6996,3388.42
CLIENT040,GOOGL,1915,3100.09
CLIENT040,TLT,81543,118.49
CLIENT040,PEP,45236,189.14
CLIENT040,NVDA,160071,766.88
CLIENT041,MSFT,296402,428.03
CLIENT041,NVDA,76487,879.03
CLIENT041,KO,2284464,61.58
CLIENT041,USO,1538994,86.21
CLIENT041,VNQ,685686,107.27
CLIENT041,SPY,262688,572.95
CLIENT041,PEP,158739,223.02
CLIENT041,VTI,71343,276.39
CLIENT041,SLV,3764327,29.31
CLIENT041,TSLA,118497,201.32
CLIENT041,GOOGL,7445,3008.14
CLIENT041,BTC-USD,1088,75005.41
CLIENT041,AAPL,70992,197.7
CLIENT041,AMZN,3464,4046.49
CLIENT041,C,203889,82.21
CLIENT041,WFC,273550,45.0
CLIENT041,IEF,686712,112.67
CLIENT041,PG,311608,157.46
CLIENT041,GLD,177939,192.51
CLIENT041,QQQ,97825,322.73
CLIENT041,IWM,72724,241.21
CLIENT041,BAC,869639,45.15
CLIENT041,ETH-USD,62117,4329.85
CLIENT042,AAPL,684920,124.94
CLIENT042,VTI,79510,191.23
CLIENT042,VNQ,143860,104.45
CLIENT042,BAC,1723440,30.11
CLIENT042,PG,70739,161.86
CLIENT042,WFC,744533,50.56
CLIENT042,TSLA,137252,334.3
CLIENT042,QQQ,35523,533.64
CLIENT042,TLT,430136,71.19
CLIENT042,PEP,277940,167.46
CLIENT042,BTC-USD,777,59185.09
CLIENT042,C,815568,55.72
CLIENT042,SLV,475113,28.11
CLIENT042,ETH-USD,12892,2974.77
CLIENT042,JPM,72250,158.13
CLIENT042,NVDA,34098,584.99
CLIENT042,KO,4077854,45.78
CLIENT043,KO,171952,69.87
CLIENT043,VNQ,107186,138.26
CLIENT043,WFC,702926,65.85
CLIENT043,GOOGL,3428,2598.7
CLIENT043,SPY,37176,583.39
CLIENT043,TSLA,86738,349.51
CLIENT043,USO,142632,48.85
CLIENT043,JPM,123236,191.6
CLIENT043,PG,44730,171.34
CLIENT043,C,272162,65.12
CLIENT043,QQQ,35553,539.04
CLIENT043,VTI,89441,217.65
CLIENT043,BAC,264523,59.25
CLIENT043,AAPL,38528,206.22
CLIENT043,JNJ,62597,144.78
CLIENT043,NVDA,3339,755.83
CLIENT043,IEF,81731,112.8
CLIENT043,TLT,1356032,78.86
CLIENT044,TLT,343280,83.74
CLIENT044,MSFT,32244,438.3
CLIENT044,JNJ,169887,207.96
CLIENT044,SPY,33486,389.85
CLIENT044,C,250490,46.02
CLIENT044,AMZN,2489,3518.76
CLIENT044,AAPL,93188,140.78
CLIENT044,KO,149462,46.13
CLIENT044,SLV,610906,34.88
CLIENT044,VTI,81824,243.29
CLIENT044,USO,187077,84.83
CLIENT044,PEP,23225,139.87
CLIENT044,BAC,368233,30.6
CLIENT044,NVDA,21262,429.07
CLIENT044,PG,27621,115.9
CLIENT044,TSLA,19212,274.59
CLIENT044,JPM,11558,209.73
CLIENT044,ETH-USD,16195,4125.32
CLIENT045,GOOGL,16815,2919.94
CLIENT045,GLD,1486401,133.15
CLIENT045,IWM,858713,273.37
CLIENT045,ETH-USD,41977,4434.41
CLIENT045,BAC,7045654,24.76
CLIENT045,BTC-USD,1787,59755.53
CLIENT045,ETH-USD,16614,4530.79
CLIENT045,AAPL,205090,132.38
CLIENT045,PEP,486630,220.25
CLIENT045,VTI,161374,299.95
CLIENT045,TSLA,79549,169.36
CLIENT045,PG,331518,145.75
CLIENT045,VNQ,331957,130.6
CLIENT045,SPY,51723,343.34
CLIENT045,BTC-USD,14026,36355.07
CLIENT046,VTI,246670,286.29
CLIENT046,GLD,1649794,143.42
CLIENT046,WFC,1486550,37.67
CLIENT046,BAC,2079336,30.75
CLIENT046,AMZN,49681,3712.8
CLIENT046,JNJ,519681,191.66
CLIENT046,ETH-USD,13605,3404.72
CLIENT046,ETH-USD,33566,3970.86
CLIENT046,BTC-USD,1941,58229.45
CLIENT046,BTC-USD,831,37215.15
CLIENT046,PEP,454864,196.51
CLIENT046,PG,415279,202.29
CLIENT046,VNQ,533217,116.57
CLIENT046,MSFT,167774,346.69
CLIENT046,NVDA,352082,1026.6
CLIENT047,USO,2564219,58.34
CLIENT047,MSFT,377153,420.16
CLIENT047,IWM,546386,244.96
CLIENT047,AAPL,805863,156.9
CLIENT047,PEP,323656,217.39
CLIENT047,GOOGL,37932,2572.21
CLIENT047,TSLA,179528,254.76
CLIENT047,BTC-USD,902,81382.63
CLIENT047,PG,546240,165.74
CLIENT047,AMZN,13040,3030.56
CLIENT047,NVDA,28961,1077.16
CLIENT047,QQQ,47423,371.85
CLIENT047,GLD,187046,134.36
CLIENT047,WFC,1314997,45.52
CLIENT047,VTI,2214787,180.89
CLIENT048,WFC,3083991,37.7
CLIENT048,USO,1009198,98.21
CLIENT048,SLV,4766276,34.45
CLIENT048,JNJ,661365,195.7
CLIENT048,AAPL,508662,130.43
CLIENT048,AMZN,7572,2652.49
CLIENT048,GOOGL,29887,2869.15
CLIENT048,SPY,101483,536.43
CLIENT048,TLT,258595,129.92
CLIENT048,TSLA,166597,335.19
CLIENT048,VNQ,3963816,139.99
CLIENT049,NVDA,122242,832.89
CLIENT049,JPM,671049,159.72
CLIENT049,ETH-USD,10522,2864.25
CLIENT049,USO,1361371,74.48
CLIENT049,GLD,262231,230.9
CLIENT049,JNJ,369493,127.73
CLIENT049,VTI,151934,223.46
CLIENT049,TLT,437555,126.81
CLIENT049,SLV,873028,35.04
CLIENT049,VNQ,435676,115.22
CLIENT049,BTC-USD,198,63038.25
CLIENT049,BTC-USD,303,40758.13
CLIENT049,SPY,64830,466.09
CLIENT049,IEF,374762,81.93
CLIENT049,AAPL,107068,195.96
CLIENT049,WFC,276266,59.72
CLIENT049,TSLA,14603,257.22
CLIENT049,ETH-USD,41336,4219.33
CLIENT050,BTC-USD,2081,38037.42
CLIENT050,USO,1029685,103.98
CLIENT050,KO,1384161,68.43
CLIENT050,SLV,656078,18.0
CLIENT050,IEF,435564,95.74
CLIENT050,IWM,141930,188.47
CLIENT050,SPY,57594,588.87
CLIENT050,ETH-USD,7108,2660.62
CLIENT050,AMZN,2379,4039.83
CLIENT050,QQQ,36885,413.3
CLIENT050,PG,94454,147.2
CLIENT050,BAC,1777858,25.15
CLIENT050,MSFT,83203,436.19
CLIENT050,GOOGL,14130,2459.29
CLIENT050,TSLA,129830,170.55
CLIENT050,AAPL,119480,204.79
CLIENT050,JPM,123128,201.72
CLIENT050,JNJ,62172,177.84
CLIENT050,TLT,161617,108.92
CLIENT050,VNQ,2237822,81.02
CLIENT051,GLD,485273,198.23
CLIENT051,SPY,115131,569.86
CLIENT051,TSLA,218678,239.35
CLIENT051,JNJ,620959,120.42
CLIENT051,KO,157335,67.37
CLIENT051,GOOGL,13797,2569.65
CLIENT051,MSFT,185853,252.19
CLIENT051,ETH-USD,12270,3719.52
CLIENT051,BTC-USD,152,71753.97
CLIENT051,AAPL,79126,185.41
CLIENT051,NVDA,48307,717.16
CLIENT051,IEF,186281,124.37
CLIENT051,VTI,55754,245.56
CLIENT051,PEP,101406,217.84
CLIENT051,JPM,103946,189.36
CLIENT051,C,353475,58.78
CLIENT051,TLT,299267,88.59
CLIENT051,PG,133319,118.55
CLIENT051,QQQ,20451,458.19
CLIENT051,BAC,430103,45.81
CLIENT051,SLV,310674,29.44
CLIENT051,USO,48597,99.75
CLIENT051,IWM,27154,171.56
CLIENT051,AMZN,31857,3227.49
CLIENT052,GOOGL,4768,3286.04
CLIENT052,IWM,106619,212.23
CLIENT052,ETH-USD,12832,4605.19
CLIENT052,JPM,480852,162.35
CLIENT052,QQQ,172328,302.97
CLIENT052,SLV,3037447,20.14
CLIENT052,BTC-USD,1273,32877.06
CLIENT052,C,824345,61.45
CLIENT052,KO,169008,54.8
CLIENT052,ETH-USD,7585,3826.91
CLIENT052,PG,1455383,185.75
CLIENT053,VNQ,1609720,100.95
CLIENT053,SLV,3550396,20.52
CLIENT053,PG,404603,203.35
CLIENT053,SPY,291217,432.79
CLIENT053,TLT,212854,116.74
CLIENT053,GLD,658554,134.31
CLIENT053,VTI,194218,175.03
CLIENT053,BTC-USD,1301,72428.98
CLIENT053,JPM,358565,133.29
CLIENT053,GOOGL,30732,2196.16
CLIENT053,NVDA,54845,588.99
CLIENT053,MSFT,46597,477.63
CLIENT053,C,336224,69.19
CLIENT053,PEP,266673,159.65
CLIENT053,IWM,119605,274.33
CLIENT053,WFC,497952,32.32
CLIENT053,USO,267981,87.73
CLIENT053,KO,497489,52.87
CLIENT053,JNJ,185860,172.14
CLIENT053,IEF,80180,131.19
CLIENT053,ETH-USD,5563,2158.04
CLIENT053,BAC,3445320,48.15
CLIENT054,JNJ,1163938,134.86
CLIENT054,ETH-USD,26712,3148.01
CLIENT054,BAC,2137639,55.35
CLIENT054,MSFT,194549,473.59
CLIENT054,BTC-USD,762,41949.57
CLIENT054,C,629977,51.55
CLIENT054,VNQ,821388,102.12
CLIENT054,SLV,28758418,20.17
CLIENT055,WFC,1471900,69.57
CLIENT055,C,2070867,48.9
CLIENT055,BAC,479290,38.3
CLIENT055,NVDA,68296,527.79
CLIENT055,JPM,298318,140.56
CLIENT055,QQQ,48599,397.86
CLIENT055,USO,792280,89.82
CLIENT055,BTC-USD,962,34195.77
CLIENT055,BTC-USD,1243,56978.36
CLIENT055,TSLA,49532,334.75
CLIENT055,VNQ,348660,120.37
CLIENT055,IEF,84117,132.79
CLIENT055,VTI,281303,217.58
CLIENT055,PEP,193813,191.41
CLIENT055,ETH-USD,6769,2316.45
CLIENT055,AAPL,1599286,188.87
CLIENT056,VTI,499414,176.98
CLIENT056,TLT,920157,64.93
CLIENT056,BTC-USD,937,63047.24
CLIENT056,SPY,115842,335.55
CLIENT056,JNJ,386573,179.33
CLIENT056,SLV,1474431,26.48
CLIENT056,USO,287035,73.38
CLIENT056,PEP,399731,141.85
CLIENT056,ETH-USD,4148,4885.12
CLIENT056,MSFT,154181,358.18
CLIENT056,AAPL,158771,204.43
CLIENT056,QQQ,58556,398.84
CLIENT056,PG,145179,197.39
CLIENT056,BAC,704696,59.94
CLIENT056,GLD,130666,140.57
CLIENT056,IEF,192163,137.53
CLIENT056,BTC-USD,226,74214.06
CLIENT056,GOOGL,8972,2566.03
CLIENT056,ETH-USD,995,5360.16
CLIENT056,WFC,631458,32.74
CLIENT056,KO,205465,44.17
CLIENT056,IWM,49968,202.87
CLIENT056,VNQ,123928,89.07
CLIENT056,TSLA,56656,234.49
CLIENT056,NVDA,93958,1079.2
CLIENT057,JPM,514952,105.12
CLIENT057,USO,375461,90.01
CLIENT057,BTC-USD,1316,63735.48
CLIENT057,SPY,198411,454.3
CLIENT057,C,187686,61.51
CLIENT057,PEP,180045,191.79
CLIENT057,IEF,351972,139.76
CLIENT057,MSFT,112095,336.36
CLIENT057,PG,3202556,132.72
CLIENT058,MSFT,195321,364.78
CLIENT058,QQQ,142924,437.11
CLIENT058,KO,335609,73.32
CLIENT058,SLV,2557953,17.91
CLIENT058,VNQ,339094,101.68
CLIENT058,GOOGL,14184,3525.46
CLIENT058,VTI,251117,208.05
CLIENT058,GLD,2540559,161.04
CLIENT059,PEP,606602,148.33
CLIENT059,USO,970192,61.51
CLIENT059,GOOGL,19372,3387.16
CLIENT059,VTI,192052,236.85
CLIENT059,IWM,132988,161.51
CLIENT059,KO,804689,60.56
CLIENT059,AAPL,244835,209.71
CLIENT059,AMZN,4199,4105.43
CLIENT059,TSLA,32651,350.82
CLIENT059,BTC-USD,449,82045.56
CLIENT059,ETH-USD,3957,3541.6
CLIENT059,NVDA,53430,574.0
CLIENT059,TLT,56081,71.61
CLIENT059,IEF,122690,88.82
CLIENT059,VNQ,183632,132.2
CLIENT059,MSFT,52804,368.64
CLIENT059,BTC-USD,2762,46613.3
CLIENT060,IEF,1839418,110.91
CLIENT060,PG,360116,201.83
CLIENT060,VNQ,1599428,70.22
CLIENT060,PEP,173315,190.72
CLIENT060,BTC-USD,1341,77897.14
CLIENT060,ETH-USD,67005,2067.18
CLIENT060,SPY,220085,479.63
CLIENT060,USO,1110063,83.2
CLIENT060,MSFT,149219,276.0
CLIENT060,BTC-USD,1213,32455.64
CLIENT060,QQQ,58719,363.98
CLIENT060,VTI,184299,233.29
CLIENT060,BAC,1756352,36.84
CLIENT060,WFC,221996,51.95
CLIENT060,KO,392728,76.82
CLIENT060,JNJ,105252,207.62
CLIENT060,GLD,134468,229.45
CLIENT060,GOOGL,5178,2386.98
CLIENT060,AMZN,6752,2532.62
CLIENT060,IWM,172198,192.44
CLIENT060,NVDA,15472,701.61
CLIENT060,C,335015,62.26
CLIENT060,JPM,43768,209.28
CLIENT060,TSLA,1118404,160.49
CLIENT061,VNQ,184994,131.25
CLIENT061,SPY,60959,322.73
CLIENT061,TSLA,93477,281.89
CLIENT061,PEP,76364,206.86
CLIENT061,JPM,336951,124.56
CLIENT061,PG,306804,176.6
CLIENT061,AMZN,6318,3735.6
CLIENT061,QQQ,93071,480.69
CLIENT061,ETH-USD,6990,4883.3
CLIENT061,JNJ,269948,190.77
CLIENT061,AAPL,41300,193.09
CLIENT061,USO,593171,52.98
CLIENT061,BTC-USD,108,57463.41
CLIENT061,IEF,111163,98.05
CLIENT061,GLD,216752,166.62
CLIENT061,GOOGL,8769,2589.04
CLIENT061,C,427680,44.32
CLIENT061,MSFT,403005,420.53
CLIENT062,AMZN,24067,3086.78
CLIENT062,QQQ,139325,539.31
CLIENT062,IEF,437183,124.48
CLIENT062,SPY,25937,560.57
CLIENT062,JPM,373355,139.44
CLIENT062,JNJ,162603,143.22
CLIENT062,PEP,58349,194.02
CLIENT062,USO,223948,74.7
CLIENT062,KO,393515,69.1
CLIENT062,C,280273,80.13
CLIENT062,SLV,1148279,26.42
CLIENT062,TSLA,112137,167.33
CLIENT062,VNQ,171338,127.5
CLIENT062,WFC,341528,32.67
CLIENT062,IWM,51702,253.2
CLIENT062,BTC-USD,56,57513.35
CLIENT062,NVDA,21784,452.02
CLIENT062,BAC,231745,28.01
CLIENT062,AAPL,26890,184.27
CLIENT062,ETH-USD,2505,4317.76
CLIENT062,MSFT,32014,344.43
CLIENT062,GOOGL,4041,2373.27
CLIENT062,TLT,49512,91.32
CLIENT062,GLD,34853,210.44
CLIENT062,PG,303313,150.04
CLIENT063,JNJ,197800,161.64
CLIENT063,AAPL,400535,122.58
CLIENT063,JPM,113574,177.49
CLIENT063,PEP,235965,203.3
CLIENT063,PG,266316,143.12
CLIENT063,GOOGL,22305,2137.56
CLIENT063,SLV,1257518,16.69
CLIENT063,SPY,64038,440.92
CLIENT063,AMZN,2439,3310.05
CLIENT063,BAC,286595,25.68
CLIENT063,C,501147,48.26
CLIENT063,VTI,91081,178.02
CLIENT063,TLT,118253,76.23
CLIENT063,BTC-USD,2215,77152.05
CLIENT064,BAC,605621,45.08
CLIENT064,IEF,130785,99.53
CLIENT064,SLV,1463344,33.68
CLIENT064,PEP,38676,207.73
CLIENT064,JNJ,313191,144.24
CLIENT064,TSLA,136197,273.59
CLIENT064,JPM,41162,209.27
CLIENT064,AAPL,294737,143.06
CLIENT064,SPY,47643,376.1
CLIENT064,VTI,102854,247.71
CLIENT064,WFC,719703,37.71
CLIENT064,VNQ,140754,141.86
CLIENT064,C,324315,47.68
CLIENT064,USO,61108,100.36
CLIENT064,BTC-USD,222,52301.89
CLIENT064,NVDA,11309,1026.47
CLIENT064,MSFT,17047,327.62
CLIENT064,GLD,67660,194.83
CLIENT064,TLT,133068,86.12
CLIENT064,GOOGL,21525,3416.53
CLIENT065,JNJ,151626,152.89
CLIENT065,WFC,1151815,50.65
CLIENT065,AAPL,145169,183.75
CLIENT065,NVDA,17467,370.86
CLIENT065,SLV,1639722,26.5
CLIENT065,USO,188146,89.77
CLIENT065,KO,216716,69.58
CLIENT065,JPM,118674,215.09
CLIENT065,BAC,707225,40.66
CLIENT065,MSFT,35933,252.51
CLIENT065,PEP,85485,152.75
CLIENT065,C,2160248,71.05
CLIENT066,QQQ,92665,519.96
CLIENT066,IEF,339812,141.1
CLIENT066,BAC,183071,51.87
CLIENT066,GLD,32522,236.19
CLIENT066,PEP,206867,176.49
CLIENT066,JPM,109399,140.5
CLIENT066,IWM,34448,243.63
CLIENT066,PG,35267,193.59
CLIENT066,VTI,1193385,167.25
CLIENT067,AMZN,4966,2757.68
CLIENT067,QQQ,45469,311.26
CLIENT067,BTC-USD,301,70855.68
CLIENT067,BAC,647145,32.86
CLIENT067,VTI,76371,297.91
CLIENT067,USO,212933,76.09
CLIENT067,SPY,40643,474.11
CLIENT067,NVDA,25047,987.69
CLIENT067,C,707459,37.95
CLIENT067,ETH-USD,7531,2992.71
CLIENT067,GOOGL,3867,2585.07
CLIENT067,IWM,26535,234.74
CLIENT067,WFC,244469,68.04
CLIENT067,TSLA,46335,217.79
CLIENT067,KO,220193,55.51
CLIENT067,ETH-USD,2165,3785.22
CLIENT067,VNQ,84399,117.32
CLIENT067,PEP,35474,163.86
CLIENT067,MSFT,17128,429.43
CLIENT067,JNJ,343646,147.52
CLIENT068,VNQ,280634,126.88
CLIENT068,AMZN,9859,4001.41
CLIENT068,TSLA,76782,312.9
CLIENT068,BAC,506186,43.84
CLIENT068,KO,200296,73.15
CLIENT068,BTC-USD,250,82388.96
CLIENT068,GOOGL,3577,2596.39
CLIENT068,C,148734,80.36
CLIENT068,ETH-USD,2554,4061.33
CLIENT068,VTI,45790,326.35
CLIENT068,JNJ,69715,188.85
CLIENT068,GLD,51456,233.85
CLIENT068,MSFT,39088,310.96
CLIENT068,SLV,224582,23.04
CLIENT068,IWM,30502,273.99
CLIENT068,AAPL,56607,130.73
CLIENT068,PG,28974,191.02
CLIENT068,WFC,94282,68.36
CLIENT068,PEP,190367,192.16
CLIENT069,GOOGL,18635,2294.94
CLIENT069,WFC,546442,63.77
CLIENT069,GLD,174200,128.29
CLIENT069,TSLA,115687,161.47
CLIENT069,KO,100720,55.99
CLIENT069,SLV,682203,21.54
CLIENT069,MSFT,57354,302.56
CLIENT069,AMZN,3400,2876.02
CLIENT069,TLT,154644,65.6
CLIENT069,C,239964,59.59
CLIENT069,BAC,353684,31.18
CLIENT069,JPM,63324,168.86
CLIENT069,PEP,15261,171.18
CLIENT069,ETH-USD,1498,3639.86
CLIENT069,BTC-USD,153,43863.69
CLIENT069,VTI,24860,289.65
CLIENT069,SPY,9472,513.31
CLIENT069,IWM,23755,235.22
CLIENT069,IEF,51121,101.3
CLIENT069,NVDA,3605,870.08
CLIENT069,USO,587099,62.94
CLIENT070,QQQ,43235,412.28
CLIENT070,PG,50721,132.06
CLIENT070,TLT,400155,81.65
CLIENT070,ETH-USD,3747,2859.12
CLIENT070,SLV,206640,35.79
CLIENT070,BTC-USD,283,66722.55
CLIENT070,GOOGL,2152,3033.83
CLIENT070,PEP,54914,211.69
CLIENT070,GLD,111458,193.51
CLIENT070,USO,1313271,95.96
CLIENT071,PG,235860,185.44
CLIENT071,NVDA,260108,548.39
CLIENT071,C,1064297,55.82
CLIENT071,VTI,383043,172.14
CLIENT071,GOOGL,46177,2118.06
CLIENT071,JNJ,127176,172.34
CLIENT071,ETH-USD,20167,3440.4
CLIENT071,TLT,353562,103.66
CLIENT071,VNQ,268265,136.88
CLIENT071,TSLA,1561316,349.57
CLIENT072,JNJ,346910,146.61
CLIENT072,C,876659,65.71
CLIENT072,VNQ,899692,77.72
CLIENT072,IWM,427005,280.25
CLIENT072,PEP,143762,204.04
CLIENT072,ETH-USD,8386,3647.18
CLIENT072,PG,399772,196.7
CLIENT072,MSFT,209150,438.95
CLIENT072,GOOGL,24645,3035.02
CLIENT072,SPY,149540,384.61
CLIENT072,NVDA,11732,1047.89
CLIENT072,WFC,275400,58.68
CLIENT072,KO,500408,57.93
CLIENT072,VTI,43222,183.78
CLIENT072,TSLA,1165628,277.86
CLIENT073,NVDA,74694,1006.09
CLIENT073,QQQ,162482,353.63
CLIENT073,TSLA,357908,259.59
CLIENT073,IWM,393612,227.83
CLIENT073,AAPL,501753,169.24
CLIENT073,GOOGL,26061,3292.16
CLIENT073,TLT,702786,84.03
CLIENT073,MSFT,129818,359.01
CLIENT073,IEF,390065,84.29
CLIENT073,WFC,460505,63.11
CLIENT073,C,439329,77.77
CLIENT073,USO,777245,56.24
CLIENT073,PG,147309,196.56
CLIENT073,ETH-USD,7090,4240.8
CLIENT073,JPM,170432,152.07
CLIENT073,VTI,51009,314.95
CLIENT073,BTC-USD,167,73684.21
CLIENT073,GLD,99345,181.87
CLIENT073,AMZN,5593,3024.03
CLIENT073,JNJ,492583,203.55
CLIENT074,GOOGL,48282,2132.89
CLIENT074,JPM,661731,109.29
CLIENT074,C,1066520,59.54
CLIENT074,VTI,116726,322.23
CLIENT074,BAC,1770667,49.24
CLIENT074,JNJ,177927,147.37
CLIENT074,NVDA,20244,671.81
CLIENT074,QQQ,43216,399.27
CLIENT074,GLD,287296,181.98
CLIENT074,IWM,59221,256.16
CLIENT074,USO,333434,101.96
CLIENT074,PEP,55467,172.62
CLIENT074,SLV,1112478,30.31
CLIENT074,VNQ,3246891,109.21
CLIENT075,AMZN,22718,3106.07
CLIENT075,BTC-USD,2051,48860.28
CLIENT075,VNQ,395355,113.95
CLIENT075,ETH-USD,9653,4704.25
CLIENT075,VTI,228284,240.53
CLIENT075,JPM,313375,169.53
CLIENT075,KO,501307,70.51
CLIENT075,SPY,43000,462.67
CLIENT075,TSLA,36592,298.02
CLIENT075,QQQ,65668,530.52
CLIENT075,GOOGL,15930,2541.87
CLIENT075,JNJ,77929,132.21
CLIENT075,SLV,300491,29.16
CLIENT075,NVDA,17862,447.85
CLIENT075,GLD,116706,160.65
CLIENT075,WFC,9050087,33.53
CLIENT076,KO,541115,62.9
CLIENT076,MSFT,264947,335.99
CLIENT076,QQQ,77053,513.15
CLIENT076,GLD,456072,209.2
CLIENT076,TSLA,189877,282.63
CLIENT076,IEF,787628,79.63
CLIENT076,SLV,1405160,28.33
CLIENT076,PEP,198052,173.23
CLIENT076,VTI,211417,222.22
CLIENT076,WFC,245868,71.13
CLIENT076,BTC-USD,243,63221.85
CLIENT076,AMZN,1789,3794.27
CLIENT076,ETH-USD,7548,3572.17
CLIENT076,USO,100844,66.89
CLIENT076,JNJ,58881,122.09
CLIENT076,NVDA,23160,1036.76
CLIENT076,VNQ,389436,70.53
CLIENT076,BAC,433772,29.65
CLIENT076,JPM,108922,170.12
CLIENT076,PG,85016,128.49
CLIENT076,IWM,23620,160.62
CLIENT076,TLT,38679,81.85
CLIENT076,GOOGL,5104,3552.73
CLIENT076,SPY,34735,415.4
CLIENT076,AAPL,628861,144.1
CLIENT077,GOOGL,6812,3599.54
CLIENT077,VNQ,396997,83.59
CLIENT077,PEP,90995,217.14
CLIENT077,TLT,459147,142.85
CLIENT077,C,560748,78.55
CLIENT077,MSFT,194070,418.81
CLIENT077,USO,624602,105.19
CLIENT077,GLD,259510,223.19
CLIENT077,BTC-USD,554,81412.33
CLIENT077,TSLA,55511,323.64
CLIENT077,PG,175419,135.4
CLIENT077,ETH-USD,7973,3641.29
CLIENT077,QQQ,71248,331.64
CLIENT077,ETH-USD,3658,4862.7
CLIENT077,WFC,145446,44.34
CLIENT077,AMZN,6259,4122.73
CLIENT077,IWM,49190,246.37
CLIENT077,JNJ,25873,150.75
CLIENT077,BTC-USD,370,45347.18
CLIENT077,SLV,5481581,22.92
CLIENT078,PEP,406751,220.85
CLIENT078,SPY,52497,519.98
CLIENT078,NVDA,38992,508.81
CLIENT078,C,509734,44.79
CLIENT078,GOOGL,7718,2849.94
CLIENT078,QQQ,169263,327.39
CLIENT078,BAC,2255134,26.22
CLIENT078,MSFT,91474,296.67
CLIENT078,GLD,302032,167.21
CLIENT078,SLV,393334,24.62
CLIENT078,BTC-USD,822,52355.0
CLIENT078,KO,162036,71.32
CLIENT078,JNJ,147656,164.75
CLIENT078,TLT,66063,96.99
CLIENT078,TSLA,122160,188.9
CLIENT078,ETH-USD,7695,2326.48
CLIENT078,AMZN,7920,2800.76
CLIENT078,JPM,94799,143.88
CLIENT078,PG,45327,186.58
CLIENT078,VTI,52293,192.57
CLIENT078,VNQ,227967,74.67
CLIENT078,WFC,2570443,38.38
CLIENT079,PG,422169,193.79
CLIENT079,MSFT,109523,423.58
CLIENT079,VNQ,637103,109.2
CLIENT079,IWM,194664,247.76
CLIENT079,AAPL,314919,148.72
CLIENT079,IEF,345769,86.81
CLIENT079,TSLA,33795,359.34
CLIENT079,AMZN,5897,3124.39
CLIENT079,BAC,923231,26.87
CLIENT079,GOOGL,8155,3475.48
CLIENT079,WFC,670244,43.38
CLIENT079,QQQ,47061,420.33
CLIENT079,KO,421141,51.9
CLIENT079,ETH-USD,1922,2060.45
CLIENT079,TLT,89488,117.2
CLIENT079,NVDA,30273,482.5
CLIENT079,JPM,139811,120.11
CLIENT079,VTI,38877,241.3
CLIENT079,GLD,72792,161.12
CLIENT079,BTC-USD,136,56270.55
CLIENT079,USO,97717,81.51
CLIENT079,JNJ,21407,213.05
CLIENT079,SLV,165200,35.85
CLIENT079,SPY,94929,522.56
CLIENT080,TSLA,436682,164.1
CLIENT080,BTC-USD,587,35644.91
CLIENT080,SPY,79244,417.8
CLIENT080,SLV,863685,25.15
CLIENT080,GOOGL,13041,3192.57
CLIENT080,GLD,77798,207.67
CLIENT080,BAC,705747,39.12
CLIENT080,MSFT,96163,476.82
CLIENT080,ETH-USD,1458,4728.63
CLIENT080,AMZN,7293,3419.81
CLIENT080,IWM,129787,279.47
CLIENT080,AAPL,100881,221.49
CLIENT080,VNQ,68356,96.72
CLIENT080,ETH-USD,4193,5355.0
CLIENT080,NVDA,28925,665.07
CLIENT080,PG,115200,134.11
CLIENT080,TLT,76479,107.41
CLIENT080,JPM,667509,178.09
CLIENT081,PG,411233,176.66
CLIENT081,WFC,873039,69.33
CLIENT081,JPM,251515,115.77
CLIENT081,TLT,576252,76.92
CLIENT081,BTC-USD,406,44842.98
CLIENT081,MSFT,20699,381.78
CLIENT081,SPY,24574,416.16
CLIENT081,GOOGL,5191,3040.28
CLIENT081,PEP,80789,174.64
CLIENT081,AMZN,1299,4171.26
CLIENT081,QQQ,75753,328.05
CLIENT081,VTI,62810,222.23
CLIENT081,KO,86649,59.1
CLIENT081,TSLA,100359,206.04
CLIENT081,BAC,401385,49.8
CLIENT081,ETH-USD,1756,2393.89
CLIENT081,NVDA,34964,376.72
CLIENT081,AAPL,71895,238.22
CLIENT081,GLD,652216,188.0
CLIENT082,VNQ,285802,72.46
CLIENT082,ETH-USD,14216,3450.39
CLIENT082,BAC,677450,57.45
CLIENT082,WFC,942247,57.59
CLIENT082,PG,47267,167.54
CLIENT082,AAPL,140991,126.53
CLIENT082,SPY,97726,335.37
CLIENT082,IWM,30069,216.02
CLIENT082,PEP,73419,154.16
CLIENT082,KO,3804196,63.27
CLIENT083,GLD,191965,139.71
CLIENT083,AMZN,6648,2607.73
CLIENT083,PG,53393,193.91
CLIENT083,TLT,241572,139.32
CLIENT083,ETH-USD,9632,2770.04
CLIENT083,BTC-USD,390,65083.88
CLIENT083,BAC,1381225,24.62
CLIENT083,JNJ,181033,152.17
CLIENT083,JPM,116516,157.89
CLIENT083,USO,362849,70.27
CLIENT083,VTI,33482,333.74
CLIENT083,QQQ,52011,308.82
CLIENT083,SLV,763722,31.37
CLIENT083,PEP,68343,186.22
CLIENT083,VNQ,55482,132.19
CLIENT083,AAPL,118008,136.88
CLIENT083,KO,144743,49.19
CLIENT083,NVDA,18122,644.21
CLIENT083,IWM,9170,199.47
CLIENT083,IEF,108544,105.28
CLIENT083,WFC,174048,58.38
CLIENT083,TSLA,206936,312.36
CLIENT084,GOOGL,17446,3006.32
CLIENT084,VNQ,227640,79.59
CLIENT084,BAC,1277563,30.6
CLIENT084,JPM,302078,101.31
CLIENT084,KO,305849,67.83
CLIENT084,SPY,20350,382.65
CLIENT084,PEP,88567,210.41
CLIENT084,AAPL,1134037,187.45
CLIENT085,BAC,1269801,31.2
CLIENT085,QQQ,63468,460.27
CLIENT085,GLD,76396,232.59
CLIENT085,SLV,1278488,31.29
CLIENT085,ETH-USD,7274,2706.85
CLIENT085,WFC,241214,63.25
CLIENT085,PEP,111604,129.55
CLIENT085,IEF,174242,134.75
CLIENT085,USO,50663,87.09
CLIENT085,JPM,112246,162.07
CLIENT085,MSFT,18324,403.65
CLIENT085,IWM,28353,233.08
CLIENT085,JNJ,850030,145.76
CLIENT086,TLT,235192,133.33
CLIENT086,PG,81325,183.58
CLIENT086,C,382684,62.71
CLIENT086,BAC,446583,45.22
CLIENT086,GOOGL,10226,2059.57
CLIENT086,VNQ,166495,114.4
CLIENT086,SPY,58558,495.21
CLIENT086,IWM,94797,147.57
CLIENT086,GLD,97052,216.97
CLIENT086,NVDA,10590,1069.65
CLIENT086,AMZN,3965,3790.08
CLIENT086,MSFT,52461,262.07
CLIENT086,TSLA,25179,221.43
CLIENT086,BTC-USD,182,35049.68
CLIENT086,ETH-USD,1268,3737.45
CLIENT086,SLV,3229751,24.32
CLIENT087,BAC,1114785,36.31
CLIENT087,JNJ,82501,174.3
CLIENT087,TLT,323887,99.34
CLIENT087,QQQ,25273,466.72
CLIENT087,IWM,143946,145.24
CLIENT087,AAPL,26105,200.54
CLIENT087,C,493467,32.09
CLIENT087,ETH-USD,3241,3969.04
CLIENT087,GOOGL,4130,2720.2
CLIENT087,VNQ,44849,102.65
CLIENT087,SLV,399193,33.89
CLIENT087,BTC-USD,2498,46817.05
CLIENT088,BTC-USD,275,74115.7
CLIENT088,AAPL,115960,230.46
CLIENT088,SLV,348768,35.26
CLIENT088,PG,80267,119.64
CLIENT088,BAC,333758,43.8
CLIENT088,JPM,32557,123.55
CLIENT088,NVDA,37423,659.44
CLIENT088,GOOGL,50512,3319.37
CLIENT089,BTC-USD,722,34767.63
CLIENT089,BAC,313653,48.25
CLIENT089,TLT,63074,135.67
CLIENT089,MSFT,26832,344.37
CLIENT089,C,553840,49.41
CLIENT089,VTI,72394,262.26
CLIENT089,SLV,902770,23.91
CLIENT089,WFC,173508,71.82
CLIENT089,GLD,65694,140.72
CLIENT089,IWM,45557,189.14
CLIENT089,ETH-USD,23968,3908.83
CLIENT090,BTC-USD,376,66015.82
CLIENT090,USO,253810,107.16
CLIENT090,GLD,93981,162.55
CLIENT090,AAPL,70839,218.04
CLIENT090,MSFT,57229,345.04
CLIENT090,NVDA,5840,472.9
CLIENT090,SLV,819453,20.17
CLIENT090,TLT,85570,122.0
CLIENT090,AMZN,30663,3187.22
CLIENT091,BTC-USD,1770,34608.36
CLIENT091,SPY,138304,422.12
CLIENT091,SLV,590777,26.88
CLIENT091,JNJ,535547,149.81
CLIENT091,JPM,158964,147.46
CLIENT091,IWM,277201,201.24
CLIENT091,C,797034,59.55
CLIENT091,PG,118925,162.74
CLIENT091,KO,8758719,55.74
CLIENT092,BAC,776814,29.89
CLIENT092,NVDA,105503,1060.64
CLIENT092,MSFT,289651,242.64
CLIENT092,TLT,123458,131.15
CLIENT092,SLV,4247365,19.12
CLIENT092,WFC,685868,67.74
CLIENT092,IWM,299920,191.32
CLIENT092,ETH-USD,78553,4880.02
CLIENT093,VTI,71408,314.2
CLIENT093,BTC-USD,1870,41156.22
CLIENT093,IWM,341322,193.91
CLIENT093,TLT,589389,125.71
CLIENT093,BAC,505951,29.87
CLIENT093,AAPL,95961,170.51
CLIENT093,TSLA,259250,234.22
CLIENT093,SPY,171150,326.86
CLIENT093,JNJ,235266,188.99
CLIENT093,SLV,280138,31.95
CLIENT093,GOOGL,10340,3573.62
CLIENT093,KO,380136,70.15
CLIENT093,VNQ,211957,126.11
CLIENT093,QQQ,32695,300.2
CLIENT093,JPM,31902,183.71
CLIENT093,GLD,80088,182.56
CLIENT093,C,284904,75.26
CLIENT093,WFC,320555,53.99
CLIENT093,IEF,26622,107.08
CLIENT093,PG,41319,160.34
CLIENT093,PEP,19173,165.93
CLIENT093,AMZN,31264,3413.18
CLIENT094,PEP,415195,216.88
CLIENT094,IWM,103061,196.86
CLIENT094,GOOGL,5672,2456.38
CLIENT094,BTC-USD,1422,43163.47
CLIENT094,AAPL,311515,195.85
CLIENT094,SLV,2184772,19.57
CLIENT094,ETH-USD,4766,2771.63
CLIENT094,SPY,48483,584.67
CLIENT094,KO,514383,45.84
CLIENT094,VTI,103361,250.62
CLIENT094,BAC,687817,56.86
CLIENT094,TLT,459750,81.78
CLIENT094,WFC,433982,44.88
CLIENT094,PG,150719,135.89
CLIENT094,C,339477,71.91
CLIENT094,IEF,117671,107.94
CLIENT094,QQQ,11739,493.67
CLIENT094,NVDA,57437,345.64
CLIENT094,JNJ,22021,154.45
CLIENT094,JPM,39219,153.75
CLIENT094,USO,66132,54.0
CLIENT094,AMZN,3626,3860.61
CLIENT094,GLD,481143,193.5
CLIENT095,NVDA,84993,1001.93
CLIENT095,JPM,1588526,118.09
CLIENT095,GOOGL,66751,2018.81
CLIENT095,VTI,358625,167.89
CLIENT095,WFC,429364,67.18
CLIENT095,C,3588800,39.49
CLIENT095,BTC-USD,937,63553.75
CLIENT095,BAC,667968,50.39
CLIENT095,SPY,127260,329.25
CLIENT095,VNQ,766515,115.8
CLIENT095,JNJ,213292,207.24
CLIENT095,IEF,527430,113.95
CLIENT095,ETH-USD,20422,2933.55
CLIENT095,AMZN,12500,3457.04
CLIENT095,USO,1218425,50.42
CLIENT095,TSLA,262866,165.69
CLIENT095,SLV,1375589,23.11
CLIENT095,GLD,53535,201.33
CLIENT095,MSFT,62013,319.67
CLIENT095,PEP,71312,156.82
CLIENT095,KO,252344,77.33
CLIENT095,AAPL,1033982,205.34
CLIENT096,GOOGL,28802,2785.8
CLIENT096,C,527684,73.55
CLIENT096,IWM,161873,286.48
CLIENT096,QQQ,283475,300.38
CLIENT096,VNQ,815818,111.02
CLIENT096,USO,714001,107.44
CLIENT096,PG,142989,164.96
CLIENT096,VTI,225109,287.33
CLIENT096,JPM,182661,207.52
CLIENT096,NVDA,23635,579.28
CLIENT096,SPY,53461,331.82
CLIENT096,MSFT,64559,308.6
CLIENT096,JNJ,319967,153.04
CLIENT096,TLT,268774,111.19
CLIENT096,KO,3620632,73.4
CLIENT097,JPM,169783,152.27
CLIENT097,SPY,137493,524.55
CLIENT097,GOOGL,18761,2727.74
CLIENT097,PG,544943,117.17
CLIENT097,JNJ,208717,179.88
CLIENT097,VNQ,550573,91.29
CLIENT097,VTI,143101,234.79
CLIENT097,NVDA,42190,658.2
CLIENT097,KO,152148,72.51
CLIENT097,C,472383,52.82
CLIENT097,WFC,447089,41.84
CLIENT097,AAPL,181512,143.27
CLIENT097,QQQ,34838,487.05
CLIENT097,MSFT,75290,296.54
CLIENT097,AMZN,2078,3953.3
CLIENT097,SLV,366757,27.21
CLIENT097,ETH-USD,3022,5143.22
CLIENT097,BTC-USD,198,37756.37
CLIENT097,USO,1107950,87.2
CLIENT098,PG,397897,150.25
CLIENT098,AMZN,11517,2811.16
CLIENT098,GLD,295901,205.48
CLIENT098,BTC-USD,712,69315.22
CLIENT098,TSLA,157982,226.93
CLIENT098,AAPL,185415,205.16
CLIENT098,USO,120499,70.99
CLIENT098,IEF,283404,81.09
CLIENT098,PEP,189947,153.76
CLIENT098,IWM,1295115,187.64
CLIENT099,TSLA,69072,280.04
CLIENT099,BTC-USD,278,66770.69
CLIENT099,JPM,392341,105.39
CLIENT099,QQQ,59733,389.53
CLIENT099,GLD,90840,227.12
CLIENT099,IEF,65378,139.13
CLIENT099,VTI,89376,237.8
CLIENT099,VNQ,106837,141.85
CLIENT099,MSFT,41407,402.77
CLIENT099,KO,135153,77.27
CLIENT099,BAC,155006,57.29
CLIENT099,AMZN,1173,3910.8
CLIENT099,IWM,19247,180.18
CLIENT099,ETH-USD,4443,2867.45
CLIENT099,TLT,28783,88.11
CLIENT099,SPY,20235,504.69
CLIENT099,PEP,26913,194.3
CLIENT099,SLV,409611,24.02
CLIENT099,AAPL,13583,156.92
CLIENT099,NVDA,5485,1055.55
CLIENT099,WFC,147465,49.87
CLIENT099,JNJ,370159,138.96
CLIENT100,VTI,42107,213.77
CLIENT100,IEF,255425,101.23
CLIENT100,JNJ,127497,148.44
CLIENT100,QQQ,32971,432.87
CLIENT100,PG,126556,139.43
CLIENT100,GLD,147239,139.87
CLIENT100,SLV,935039,20.15
CLIENT100,TSLA,80804,226.88
CLIENT100,ETH-USD,5989,2779.31
CLIENT100,GOOGL,3256,2001.26
CLIENT100,SPY,13650,483.07
CLIENT100,USO,143971,73.38
CLIENT100,NVDA,18008,382.5
CLIENT100,PEP,11929,153.21
CLIENT100,IWM,12799,203.34
CLIENT100,KO,48100,47.77
CLIENT100,JPM,49633,198.13
CLIENT100,WFC,84195,36.57
CLIENT100,AMZN,2035,3023.46
CLIENT100,BTC-USD,32,61462.38
CLIENT100,AAPL,13868,167.28
CLIENT100,BAC,53049,41.79
CLIENT100,TLT,33953,102.99
CLIENT100,MSFT,116911,457.31
CLIENT101,QQQ,90555,523.05
CLIENT101,VNQ,81423,139.6
CLIENT101,JPM,480755,111.35
CLIENT101,KO,349949,63.46
CLIENT101,C,934683,57.36
CLIENT101,GLD,83446,190.95
CLIENT101,MSFT,49461,458.9
CLIENT101,JNJ,77317,195.88
CLIENT101,TLT,320735,135.13
CLIENT101,WFC,500182,62.31
CLIENT101,VTI,152656,179.46
CLIENT101,IWM,66181,185.97
CLIENT101,PEP,111808,221.12
CLIENT101,SLV,865289,22.71
CLIENT101,GOOGL,4188,3352.13
CLIENT101,SPY,7457,578.87
CLIENT101,TSLA,46855,254.71
CLIENT101,USO,1100253,99.31
CLIENT102,KO,149626,66.24
CLIENT102,GOOGL,24413,2126.44
CLIENT102,SLV,510524,19.21
CLIENT102,JPM,256910,173.12
CLIENT102,SPY,18029,503.81
CLIENT102,AMZN,5609,2816.93
CLIENT102,IEF,176358,109.98
CLIENT102,BAC,537790,52.14
CLIENT102,TSLA,53539,353.67
CLIENT102,WFC,260447,68.8
CLIENT102,USO,193773,103.2
CLIENT102,MSFT,83418,367.65
CLIENT102,VNQ,111126,103.45
CLIENT102,BTC-USD,166,77016.12
CLIENT102,AAPL,74287,197.89
CLIENT102,QQQ,28924,524.28
CLIENT102,GLD,20441,205.63
CLIENT102,TLT,29745,136.66
CLIENT102,NVDA,18555,916.63
CLIENT102,IWM,59390,214.23
CLIENT102,ETH-USD,780,3622.37
CLIENT102,BTC-USD,144,76535.39
CLIENT102,C,1212881,64.28
CLIENT103,VNQ,775690,69.14
CLIENT103,PG,218142,124.11
CLIENT103,BTC-USD,585,64147.93
CLIENT103,SLV,931359,28.53
CLIENT103,ETH-USD,6388,3448.71
CLIENT103,AAPL,214280,133.83
CLIENT103,MSFT,86696,247.87
CLIENT103,GLD,41435,207.7
CLIENT103,TSLA,58646,305.56
CLIENT103,JNJ,103105,191.72
CLIENT103,SPY,8418,538.13
CLIENT103,AMZN,1301,2983.19
CLIENT103,BAC,101453,50.43
CLIENT103,IEF,85685,72.89
CLIENT103,BTC-USD,165,50504.13
CLIENT103,ETH-USD,4073,3484.38
CLIENT103,WFC,195816,63.3
CLIENT103,USO,95655,65.86
CLIENT103,NVDA,14047,506.64
CLIENT103,IWM,44466,177.41
CLIENT103,C,99114,72.79
CLIENT103,QQQ,3572,500.68
CLIENT103,PEP,22031,160.54
CLIENT103,GOOGL,16633,2292.37
CLIENT104,TSLA,117657,301.65
CLIENT104,IWM,31049,273.13
CLIENT104,PG,167917,117.73
CLIENT104,GLD,53542,177.28
CLIENT104,VTI,75018,168.25
CLIENT104,MSFT,68774,247.95
CLIENT104,PEP,97804,167.98
CLIENT104,C,648552,32.02
CLIENT104,KO,378137,74.48
CLIENT104,BTC-USD,296,68884.2
CLIENT104,QQQ,36922,532.67
CLIENT104,VNQ,42846,143.12
CLIENT104,TLT,118802,103.08
CLIENT104,AMZN,4249,3619.86
CLIENT104,NVDA,15523,594.77
CLIENT104,AAPL,61741,186.29
CLIENT104,JPM,54837,117.65
CLIENT104,SPY,19907,410.33
CLIENT104,BAC,68857,45.17
CLIENT104,SLV,2179087,31.86
CLIENT105,GLD,100396,144.43
CLIENT105,KO,452154,64.61
CLIENT105,IEF,238972,95.3
CLIENT105,SLV,197874,30.3
CLIENT105,PEP,244042,128.87
CLIENT105,VNQ,212266,117.98
CLIENT105,USO,358766,75.41
CLIENT105,VTI,25658,229.26
CLIENT105,MSFT,46146,438.17
CLIENT105,C,83767,34.72
CLIENT105,SPY,6721,565.52
CLIENT105,TLT,56242,143.8
CLIENT105,GOOGL,3100,2964.59
CLIENT105,IWM,34849,278.25
CLIENT105,WFC,68990,39.59
CLIENT105,NVDA,4396,698.24
CLIENT105,AMZN,2896,3878.02
CLIENT105,AAPL,13626,155.23
CLIENT105,QQQ,10132,539.51
CLIENT105,ETH-USD,32582,2134.97
CLIENT106,GLD,159142,202.99
CLIENT106,KO,169205,64.11
CLIENT106,JPM,44800,171.29
CLIENT106,IWM,71274,249.76
CLIENT106,AAPL,148022,137.4
CLIENT106,SPY,22772,552.25
CLIENT106,WFC,112503,40.95
CLIENT106,IEF,134619,80.47
CLIENT106,USO,259959,67.58
CLIENT106,GOOGL,1519,2458.69
CLIENT106,QQQ,55178,363.82
CLIENT106,ETH-USD,5760,2231.32
CLIENT106,BAC,160380,24.03
CLIENT106,SLV,367903,26.99
CLIENT106,VNQ,41625,128.08
CLIENT106,PEP,31331,227.55
CLIENT106,MSFT,34418,341.51
CLIENT106,NVDA,18662,450.63
CLIENT106,JNJ,19528,133.92
CLIENT106,C,75556,37.9
CLIENT106,TSLA,17263,275.84
CLIENT106,BTC-USD,86,54896.69
CLIENT106,PG,13818,130.85
CLIENT106,AMZN,13139,3468.46
CLIENT107,QQQ,31206,322.62
CLIENT107,VTI,124391,287.41
CLIENT107,C,376224,65.71
CLIENT107,USO,74738,78.87
CLIENT107,NVDA,19564,579.09
CLIENT107,SLV,499888,26.34
CLIENT107,IWM,32459,262.95
CLIENT107,MSFT,31009,255.51
CLIENT107,JNJ,127274,120.72
CLIENT107,SPY,7812,435.76
CLIENT107,ETH-USD,3677,2487.07
CLIENT107,BTC-USD,165,66419.3
CLIENT107,BTC-USD,233,39242.21
CLIENT107,KO,84813,67.39
CLIENT107,PEP,582492,135.29
CLIENT108,IEF,244794,123.09
CLIENT108,VNQ,144139,86.64
CLIENT108,SLV,670458,27.35
CLIENT108,SPY,33433,584.29
CLIENT108,TLT,164990,98.71
CLIENT108,PEP,83976,145.33
CLIENT108,AAPL,38891,182.64
CLIENT108,GOOGL,2510,2558.08
CLIENT108,BAC,181450,43.29
CLIENT108,USO,91494,90.87
CLIENT108,TSLA,32741,260.11
CLIENT108,JNJ,20056,189.2
CLIENT108,MSFT,13039,308.15
CLIENT108,JPM,63547,119.32
CLIENT108,ETH-USD,2307,3198.85
CLIENT108,C,603987,82.83
CLIENT109,BTC-USD,756,74818.77
CLIENT109,JPM,185457,101.23
CLIENT109,AMZN,10236,3179.26
CLIENT109,PG,361663,151.67
CLIENT109,ETH-USD,10797,3827.65
CLIENT109,PEP,53360,198.32
CLIENT109,GOOGL,12594,3344.18
CLIENT109,BAC,1195275,29.73
CLIENT109,NVDA,27260,716.57
CLIENT109,QQQ,13795,389.23
CLIENT109,JNJ,319349,122.69
CLIENT109,C,177791,61.17
CLIENT109,MSFT,45467,465.61
CLIENT109,USO,111913,57.03
CLIENT109,TLT,61907,119.0
CLIENT109,AAPL,32802,239.15
CLIENT109,WFC,418079,52.3
CLIENT109,GLD,114500,148.26
CLIENT109,TSLA,74996,183.49
CLIENT109,KO,135878,49.63
CLIENT109,VNQ,769041,143.82
CLIENT110,BAC,417025,36.38
CLIENT110,IWM,45229,271.0
CLIENT110,USO,409396,97.88
CLIENT110,GLD,161708,194.28
CLIENT110,PG,106485,191.44
CLIENT110,KO,476710,47.78
CLIENT110,ETH-USD,7004,4120.16
CLIENT110,VTI,25615,307.96
CLIENT110,GOOGL,3374,2710.67
CLIENT110,WFC,322436,63.47
CLIENT110,C,115489,49.18
CLIENT110,TLT,195763,65.97
CLIENT110,IEF,42902,116.03
CLIENT110,AMZN,3884,3506.99
CLIENT110,VNQ,126902,85.6
CLIENT110,SLV,109807,31.61
CLIENT110,TSLA,10152,226.15
CLIENT110,PEP,47662,167.59
CLIENT110,QQQ,13486,495.12
CLIENT110,SPY,109171,577.75
CLIENT111,VTI,83234,276.35
CLIENT111,NVDA,32285,975.76
CLIENT111,BTC-USD,175,55776.18
CLIENT111,SPY,69162,333.1
CLIENT111,MSFT,74236,388.13
CLIENT111,TLT,60733,68.44
CLIENT111,ETH-USD,2847,4902.76
CLIENT111,AAPL,100519,205.27
CLIENT111,SLV,266774,22.43
CLIENT111,TSLA,69547,270.15
CLIENT111,IEF,83566,143.85
CLIENT111,QQQ,34903,296.91
CLIENT111,ETH-USD,2615,2718.16
CLIENT111,C,1104018,73.23
CLIENT112,AMZN,6024,2642.36
CLIENT112,VNQ,218330,88.83
CLIENT112,JPM,136476,155.41
CLIENT112,IEF,152630,87.36
CLIENT112,NVDA,6564,921.35
CLIENT112,PEP,22644,214.65
CLIENT112,VTI,110572,221.93
CLIENT112,ETH-USD,41556,3722.55
CLIENT113,C,479216,58.3
CLIENT113,GLD,45602,219.4
CLIENT113,PG,293641,126.68
CLIENT113,USO,559446,58.4
CLIENT113,VTI,194449,199.02
CLIENT113,JNJ,346008,131.95
CLIENT113,SPY,50108,503.89
CLIENT113,IEF,101787,138.83
CLIENT113,JPM,132469,122.42
CLIENT113,TLT,191582,75.17
CLIENT113,MSFT,39960,282.7
CLIENT113,TSLA,86167,248.46
CLIENT113,AMZN,7098,2915.71
CLIENT113,BTC-USD,415,55297.37
CLIENT113,ETH-USD,984,4020.79
CLIENT113,VNQ,112759,119.08
CLIENT113,WFC,104473,52.14
CLIENT113,QQQ,19683,418.07
CLIENT113,AAPL,21597,205.55
CLIENT113,KO,305923,48.66
CLIENT113,SLV,377879,23.17
CLIENT113,BAC,1507923,54.57
CLIENT114,NVDA,30371,531.64
CLIENT114,KO,252852,69.35
CLIENT114,GOOGL,11595,2616.5
CLIENT114,SPY,101431,489.41
CLIENT114,BTC-USD,342,71006.66
CLIENT114,AAPL,181747,221.32
CLIENT114,WFC,290309,47.33
CLIENT114,IEF,192028,91.0
CLIENT114,PEP,150395,151.27
CLIENT114,PG,53909,201.15
CLIENT114,IWM,59579,189.28
CLIENT114,TLT,79913,107.86
CLIENT114,USO,98708,80.78
CLIENT114,JNJ,109572,164.17
CLIENT114,VNQ,71471,90.71
CLIENT114,AMZN,46569,2676.69
CLIENT115,BTC-USD,757,39144.79
CLIENT115,GLD,302705,132.24
CLIENT115,KO,90790,70.58
CLIENT115,USO,521488,69.9
CLIENT115,JPM,48902,200.79
CLIENT115,BAC,402722,57.44
CLIENT115,JNJ,69306,179.55
CLIENT115,VTI,103010,266.33
CLIENT115,C,174558,58.96
CLIENT115,NVDA,11348,805.23
CLIENT115,VNQ,163247,77.09
CLIENT115,ETH-USD,2669,3305.32
CLIENT115,PEP,146588,144.56
CLIENT115,SLV,753632,18.78
CLIENT115,GOOGL,1344,2462.53
CLIENT115,AAPL,30984,200.32
CLIENT115,AMZN,27508,3596.71
CLIENT116,JNJ,142173,206.31
CLIENT116,BTC-USD,315,66054.32
CLIENT116,PG,139267,115.01
CLIENT116,C,330263,72.29
CLIENT116,GOOGL,12457,2068.82
CLIENT116,WFC,94588,71.78
CLIENT116,TLT,68010,68.91
CLIENT116,MSFT,22371,389.78
CLIENT116,NVDA,12226,393.39
CLIENT116,VTI,58197,279.52
CLIENT116,IWM,91841,154.79
CLIENT116,PEP,98908,175.59
CLIENT116,KO,76238,65.06
CLIENT116,IEF,175252,73.51
CLIENT116,GLD,13516,212.33
CLIENT116,BAC,148993,28.0
CLIENT116,JPM,526891,202.01
CLIENT117,BAC,1425151,24.72
CLIENT117,WFC,514615,58.12
CLIENT117,AAPL,52323,232.19
CLIENT117,JPM,44234,200.2
CLIENT117,IEF,58780,75.32
CLIENT117,JNJ,61576,165.14
CLIENT117,MSFT,52855,472.57
CLIENT117,TLT,119582,131.0
CLIENT117,SPY,13140,458.8
CLIENT117,ETH-USD,3550,4422.79
CLIENT117,SLV,104385,25.51
CLIENT117,VNQ,133871,95.22
CLIENT117,NVDA,11619,959.8
CLIENT117,C,80267,55.62
CLIENT117,AMZN,3305,3562.14
CLIENT117,USO,52306,104.92
CLIENT117,GOOGL,1589,3333.99
CLIENT117,IWM,269743,234.68
CLIENT118,JNJ,402333,205.86
CLIENT118,AAPL,600294,182.11
CLIENT118,IWM,114334,243.62
CLIENT118,C,879756,47.92
CLIENT118,VTI,378303,214.43
CLIENT118,WFC,498480,45.65
CLIENT118,AMZN,4177,3343.32
CLIENT118,QQQ,137303,447.95
CLIENT118,JPM,190185,192.16
CLIENT118,KO,6933811,68.06
CLIENT119,QQQ,32056,417.22
CLIENT119,SPY,18304,534.86
CLIENT119,SLV,703448,30.01
CLIENT119,BTC-USD,85,44053.02
CLIENT119,TLT,114484,96.71
CLIENT119,GOOGL,2690,3217.96
CLIENT119,IEF,136931,118.75
CLIENT119,MSFT,45836,377.9
CLIENT119,VTI,407761,266.51
CLIENT120,TSLA,78745,189.86
CLIENT120,IEF,130738,134.94
CLIENT120,JPM,74931,174.39
CLIENT120,QQQ,171275,285.12
CLIENT120,USO,130099,103.12
CLIENT120,JNJ,35965,201.41
CLIENT120,ETH-USD,5432,2635.88
CLIENT120,BAC,193090,55.5
CLIENT120,IWM,215137,163.26
CLIENT120,GOOGL,5066,2288.03
CLIENT120,TLT,66085,137.37
CLIENT120,SLV,526123,25.37
CLIENT120,VNQ,91416,106.93
CLIENT120,AAPL,153533,131.75
CLIENT120,MSFT,54342,268.29
CLIENT120,ETH-USD,1284,4806.05
CLIENT120,WFC,54470,67.41
CLIENT120,BTC-USD,118,44974.45
CLIENT120,AMZN,3016,3357.64
CLIENT120,GLD,56600,169.35
CLIENT120,C,171592,46.31
CLIENT120,BTC-USD,39,80664.54
CLIENT120,VTI,49208,194.89
CLIENT120,KO,1275205,55.26
CLIENT121,BTC-USD,334,53661.81
CLIENT121,AAPL,28217,178.52
CLIENT121,USO,88324,57.14
CLIENT121,SLV,718663,21.93
CLIENT121,NVDA,21947,410.06
CLIENT121,MSFT,5273,456.6
CLIENT121,GOOGL,2198,2064.92
CLIENT121,VTI,18786,189.68
CLIENT121,GLD,51583,140.29
CLIENT121,JNJ,47982,142.73
CLIENT121,IWM,404070,204.39
CLIENT122,SLV,1873786,18.8
CLIENT122,PG,194301,113.7
CLIENT122,VNQ,58360,116.96
CLIENT122,KO,677114,47.82
CLIENT122,TSLA,27348,166.17
CLIENT122,VTI,126896,174.29
CLIENT122,USO,127927,101.81
CLIENT122,NVDA,20605,402.96
CLIENT122,AAPL,89837,121.68
CLIENT122,ETH-USD,806,4034.57
CLIENT122,PEP,666301,197.07
CLIENT123,BAC,1011221,34.33
CLIENT123,TSLA,89243,188.72
CLIENT123,TLT,124405,126.19
CLIENT123,JPM,193900,114.63
CLIENT123,BTC-USD,239,51126.85
CLIENT123,VTI,23381,280.64
CLIENT123,JNJ,30081,179.4
CLIENT123,QQQ,17625,453.68
CLIENT123,MSFT,14784,397.75
CLIENT123,IEF,87496,90.18
CLIENT123,SLV,213102,32.99
CLIENT123,VNQ,123531,96.66
CLIENT123,PEP,60817,134.29
CLIENT123,SPY,13792,490.06
CLIENT123,AAPL,50444,200.05
CLIENT123,GLD,29606,151.81
CLIENT123,GOOGL,2125,3012.21
CLIENT123,AMZN,2111,2569.38
CLIENT123,WFC,45258,51.05
CLIENT123,KO,89450,61.06
CLIENT123,ETH-USD,292,5085.35
CLIENT123,USO,38229,95.69
CLIENT123,IWM,114931,272.47
CLIENT124,NVDA,9633,804.3
CLIENT124,AMZN,8364,3102.47
CLIENT124,BAC,150993,28.04
CLIENT124,GLD,71716,222.92
CLIENT124,PEP,19245,176.26
CLIENT124,USO,402147,50.92
CLIENT124,VNQ,39981,90.29
CLIENT124,BTC-USD,117,55532.0
CLIENT124,TSLA,45913,222.82
CLIENT124,IEF,113499,98.98
CLIENT124,MSFT,29679,387.27
CLIENT124,AAPL,66552,160.41
CLIENT124,SLV,1921845,35.61
CLIENT125,TSLA,41835,325.97
CLIENT125,BTC-USD,112,81984.24
CLIENT125,IEF,93983,98.91
CLIENT125,BAC,197396,58.69
CLIENT125,TLT,132574,128.56
CLIENT125,NVDA,8280,615.93
CLIENT125,JNJ,32485,149.96
CLIENT125,ETH-USD,3000,3585.52
CLIENT125,IWM,21932,183.89
CLIENT125,PEP,18459,164.04
CLIENT125,MSFT,52118,254.84
CLIENT125,GLD,28575,227.15
CLIENT125,VNQ,81539,71.18
CLIENT125,AMZN,1415,3125.64
CLIENT125,SLV,57519,24.56
CLIENT125,JPM,31701,188.67
CLIENT125,GOOGL,2569,3139.79
CLIENT125,SPY,18733,324.66
CLIENT125,WFC,38046,61.88
CLIENT125,KO,100962,45.42
CLIENT125,QQQ,9061,474.91
CLIENT125,VTI,12783,285.12
CLIENT125,AAPL,18728,164.1
CLIENT125,PG,133108,164.94
CLIENT126,TSLA,96265,316.36
CLIENT126,IWM,368281,257.04
CLIENT126,JNJ,753149,130.25
CLIENT126,C,1066721,43.84
CLIENT126,GLD,294425,188.5
CLIENT126,KO,144614,74.4
CLIENT126,WFC,1206499,32.7
CLIENT126,BAC,1561567,34.53
CLIENT126,QQQ,69231,396.43
CLIENT126,AMZN,12486,3388.0
CLIENT126,SLV,9859177,32.52
CLIENT127,GOOGL,9401,3059.93
CLIENT127,AMZN,10085,3346.66
CLIENT127,QQQ,100107,428.73
CLIENT127,C,752264,77.61
CLIENT127,KO,873327,62.94
CLIENT127,TLT,336752,114.9
CLIENT127,MSFT,112919,455.61
CLIENT127,VNQ,357418,143.33
CLIENT127,NVDA,52335,866.46
CLIENT127,AAPL,212121,194.54
CLIENT127,PG,215107,192.38
CLIENT127,IEF,293108,94.51
CLIENT127,VTI,138672,215.26
CLIENT127,SPY,32726,434.95
CLIENT127,ETH-USD,6224,3181.07
CLIENT127,IWM,60735,286.0
CLIENT127,JNJ,148843,141.38
CLIENT127,WFC,275864,53.05
CLIENT127,JPM,13110,200.71
CLIENT127,USO,1877187,55.71
CLIENT128,KO,576791,54.26
CLIENT128,BTC-USD,1041,56281.45
CLIENT128,IEF,294317,98.48
CLIENT128,TLT,310530,90.29
CLIENT128,GLD,345638,165.26
CLIENT128,AMZN,17110,3526.74
CLIENT128,NVDA,100340,514.96
CLIENT128,WFC,152560,56.03
CLIENT128,C,281247,66.49
CLIENT128,BAC,1121713,29.54
CLIENT128,ETH-USD,3494,5213.91
CLIENT128,AAPL,173690,216.18
CLIENT128,PG,92450,173.95
CLIENT128,MSFT,35182,391.72
CLIENT128,VTI,56891,311.84
CLIENT128,USO,290849,82.06
CLIENT128,TSLA,11910,351.08
CLIENT128,JNJ,135405,150.1
CLIENT128,IWM,19703,222.98
CLIENT128,QQQ,17736,458.61
CLIENT128,GOOGL,9154,2234.97
CLIENT128,SLV,4131335,28.75
CLIENT129,VNQ,170029,99.46
CLIENT129,AAPL,91298,185.74
CLIENT129,BTC-USD,873,75190.51
CLIENT129,WFC,189489,61.35
CLIENT129,IEF,577920,130.47
CLIENT129,SLV,698767,26.61
CLIENT129,IWM,135703,215.48
CLIENT129,VTI,78905,273.92
CLIENT129,GOOGL,14206,2700.29
CLIENT129,TSLA,249714,185.24
CLIENT129,KO,264221,59.26
CLIENT129,USO,215271,102.36
CLIENT129,SPY,61445,467.54
CLIENT129,ETH-USD,2505,5337.3
CLIENT129,BAC,263442,49.26
CLIENT129,MSFT,43374,313.65
CLIENT129,GLD,55273,174.71
CLIENT129,PEP,92888,180.57
CLIENT129,TLT,53400,104.7
CLIENT129,JPM,106371,111.08
CLIENT129,QQQ,17970,498.49
CLIENT129,PG,120506,136.01
CLIENT129,AMZN,4423,3257.17
CLIENT129,C,326573,33.22
CLIENT129,JNJ,387168,202.85
CLIENT130,QQQ,44935,480.38
CLIENT130,MSFT,324167,244.35
CLIENT130,VNQ,101308,110.45
CLIENT130,BTC-USD,1468,41544.15
CLIENT130,JPM,495536,108.43
CLIENT130,AMZN,10909,3968.66
CLIENT130,IWM,137443,201.25
CLIENT130,JNJ,63705,189.73
CLIENT130,USO,213055,56.41
CLIENT130,SPY,43185,510.55
CLIENT130,TLT,94770,102.72
CLIENT130,KO,311919,59.65
CLIENT130,ETH-USD,5344,2009.91
CLIENT130,BAC,211922,43.56
CLIENT130,NVDA,464369,361.42
CLIENT131,SLV,1107789,21.59
CLIENT131,SPY,74685,405.75
CLIENT131,AMZN,7980,2505.85
CLIENT131,KO,899843,51.0
CLIENT131,QQQ,132996,310.17
CLIENT131,VTI,62534,242.63
CLIENT131,ETH-USD,4947,2647.62
CLIENT131,MSFT,108555,266.56
CLIENT131,USO,77472,104.18
CLIENT131,BAC,171230,56.15
CLIENT131,IEF,295055,89.72
CLIENT131,VNQ,235553,79.39
CLIENT131,NVDA,7454,749.78
CLIENT131,C,134960,58.7
CLIENT131,PEP,38467,155.09
CLIENT131,IWM,818866,267.56
CLIENT132,TLT,368006,122.07
CLIENT132,QQQ,165912,298.92
CLIENT132,VTI,137145,256.5
CLIENT132,IEF,274603,72.73
CLIENT132,MSFT,100026,316.41
CLIENT132,PEP,256431,140.91
CLIENT132,WFC,211385,58.35
CLIENT132,BAC,656965,50.53
CLIENT132,IWM,1254614,172.98
CLIENT133,TSLA,102763,313.12
CLIENT133,VTI,127930,300.44
CLIENT133,WFC,977828,55.09
CLIENT133,MSFT,124134,343.29
CLIENT133,PEP,136428,163.58
CLIENT133,SLV,935034,24.69
CLIENT133,GLD,171363,187.99
CLIENT133,AAPL,23156,224.75
CLIENT133,BTC-USD,631,40300.23
CLIENT133,SPY,35009,420.72
CLIENT133,ETH-USD,3541,4803.06
CLIENT133,AMZN,35276,3767.02
CLIENT134,PEP,165097,215.52
CLIENT134,TLT,309465,120.36
CLIENT134,SPY,67725,598.61
CLIENT134,VNQ,396156,106.07
CLIENT134,JNJ,190143,189.97
CLIENT134,C,271276,44.0
CLIENT134,USO,55817,98.15
CLIENT134,PG,180207,113.8
CLIENT134,WFC,176070,70.68
CLIENT134,BAC,364597,48.86
CLIENT134,ETH-USD,2653,4892.11
CLIENT134,NVDA,21888,487.52
CLIENT134,QQQ,9605,456.94
CLIENT134,MSFT,58246,259.68
CLIENT134,IEF,105069,104.3
CLIENT134,GLD,579173,148.8
CLIENT135,GOOGL,15419,3124.09
CLIENT135,KO,264741,55.55
CLIENT135,BAC,355682,49.3
CLIENT135,SPY,21795,366.86
CLIENT135,VNQ,498704,77.2
CLIENT135,C,137038,71.19
CLIENT135,JPM,43700,200.95
CLIENT135,GLD,116311,142.77
CLIENT135,AAPL,78968,124.66
CLIENT135,VTI,30615,262.88
CLIENT135,ETH-USD,8228,2438.84
CLIENT135,IWM,76863,234.46
CLIENT135,TSLA,26746,254.78
CLIENT135,JNJ,791805,170.69
CLIENT136,JNJ,71568,126.94
CLIENT136,JPM,164586,189.12
CLIENT136,ETH-USD,7062,5133.62
CLIENT136,MSFT,73215,472.53
CLIENT136,PG,44213,163.09
CLIENT136,VTI,25222,221.4
CLIENT136,USO,240894,93.93
CLIENT136,IWM,43080,266.49
CLIENT136,GOOGL,6347,3151.36
CLIENT136,IEF,96269,131.82
CLIENT136,SLV,483675,31.72
CLIENT136,SPY,7466,354.47
CLIENT136,AMZN,3557,2830.91
CLIENT136,C,182268,63.23
CLIENT136,BTC-USD,77,61304.18
CLIENT136,WFC,236871,43.75
CLIENT136,VNQ,38971,97.2
CLIENT136,KO,91357,72.87
CLIENT136,GLD,17614,205.66
CLIENT136,PEP,59058,145.37
CLIENT136,NVDA,9708,763.01
CLIENT136,BAC,772647,57.7
CLIENT137,WFC,500278,44.12
CLIENT137,PEP,139920,189.14
CLIENT137,PG,170080,157.71
CLIENT137,MSFT,57216,410.21
CLIENT137,VTI,68712,231.39
CLIENT137,USO,234730,64.15
CLIENT137,BTC-USD,62,52291.81
CLIENT137,TSLA,111633,175.3
CLIENT137,VNQ,115137,73.3
CLIENT137,GOOGL,935,2727.65
CLIENT137,AMZN,2346,2893.04
CLIENT137,KO,188828,60.64
CLIENT137,SLV,741828,18.27
CLIENT137,QQQ,17091,351.25
CLIENT137,NVDA,3976,810.89
CLIENT137,GLD,13524,227.09
CLIENT137,JNJ,8590,177.66
CLIENT137,IWM,13822,228.16
CLIENT137,C,26222,60.43
CLIENT137,TLT,64572,142.35
CLIENT137,BAC,105043,46.92
CLIENT137,IEF,16964,120.71
CLIENT137,SPY,12470,397.82
CLIENT137,ETH-USD,1097,4732.07
CLIENT137,JPM,207960,190.96
CLIENT138,SLV,2384578,33.92
CLIENT138,ETH-USD,4300,4459.45
CLIENT138,GLD,298707,165.73
CLIENT138,JPM,450437,158.51
CLIENT138,TSLA,96514,263.73
CLIENT138,IWM,209285,277.55
CLIENT138,PG,253102,195.04
CLIENT138,IEF,231406,72.54
CLIENT138,WFC,752583,46.31
CLIENT138,AMZN,5276,4143.14
CLIENT138,ETH-USD,3508,5312.02
CLIENT138,PEP,57103,135.69
CLIENT138,QQQ,79478,348.47
CLIENT138,BTC-USD,196,44469.15
CLIENT138,MSFT,46004,375.91
CLIENT138,AAPL,69720,140.95
CLIENT138,KO,95395,76.95
CLIENT138,VNQ,36163,107.74
CLIENT138,SPY,7254,428.43
CLIENT138,BTC-USD,217,56761.03
CLIENT138,VTI,83526,172.3
CLIENT138,USO,81709,89.84
CLIENT138,NVDA,10324,802.99
CLIENT138,GOOGL,27310,2415.66
CLIENT139,USO,1862086,52.77
CLIENT139,WFC,3179906,39.35
CLIENT139,KO,1688500,61.83
CLIENT139,SPY,47188,487.26
CLIENT139,BTC-USD,2241,61118.68
CLIENT139,JNJ,248064,151.73
CLIENT139,TLT,653718,78.38
CLIENT139,ETH-USD,165028,4262.22
CLIENT140,VNQ,1210068,85.71
CLIENT140,BTC-USD,1218,58784.39
CLIENT140,VTI,643219,160.01
CLIENT140,MSFT,190334,262.17
CLIENT140,AMZN,26544,2478.56
CLIENT140,BTC-USD,2077,33349.68
CLIENT140,JPM,277767,199.58
CLIENT140,SLV,10478972,35.44
CLIENT141,NVDA,94525,558.44
CLIENT141,VTI,896124,244.11
CLIENT141,AMZN,27484,3417.09
CLIENT141,SPY,381334,345.17
CLIENT141,PG,1030462,139.49
CLIENT141,GLD,270034,176.48
CLIENT141,KO,1336826,54.67
CLIENT141,C,2807417,35.02
CLIENT141,JNJ,695026,138.29
CLIENT141,BTC-USD,546,81988.34
CLIENT141,IEF,288309,84.67
CLIENT141,MSFT,225558,324.98
CLIENT141,AAPL,66685,177.94
CLIENT141,USO,570876,101.86
CLIENT141,GOOGL,11628,2959.17
CLIENT141,PEP,267461,172.49
CLIENT141,QQQ,49953,521.84
CLIENT141,ETH-USD,14411,2021.69
CLIENT141,VNQ,256364,139.89
CLIENT141,TSLA,172193,190.12
CLIENT141,JPM,49523,153.98
CLIENT141,SLV,271921,17.8
CLIENT141,IWM,75789,193.92
CLIENT141,BAC,524512,45.64
CLIENT141,WFC,3787640,35.92
CLIENT142,C,1953094,52.92
CLIENT142,JNJ,515746,209.34
CLIENT142,VTI,105051,250.95
CLIENT142,AMZN,38840,2420.27
CLIENT142,USO,222297,73.58
CLIENT142,GOOGL,19422,2361.64
CLIENT142,IWM,83940,261.47
CLIENT142,IEF,421456,99.76
CLIENT142,JPM,268618,205.17
CLIENT142,VNQ,257981,83.36
CLIENT142,BTC-USD,401,73238.05
CLIENT142,SPY,83196,348.41
CLIENT142,BAC,785480,56.5
CLIENT142,SLV,1870983,21.83
CLIENT142,GLD,38247,165.42
CLIENT142,MSFT,52973,341.9
CLIENT142,TLT,87778,100.73
CLIENT142,ETH-USD,4556,5110.13
CLIENT142,QQQ,10621,472.66
CLIENT142,NVDA,237259,759.62
CLIENT143,BTC-USD,874,77910.94
CLIENT143,JPM,392149,137.69
CLIENT143,WFC,115059,70.82
CLIENT143,GOOGL,5895,3015.13
CLIENT143,TLT,396182,112.48
CLIENT143,QQQ,57214,416.09
CLIENT143,AAPL,185798,121.67
CLIENT143,MSFT,53363,357.41
CLIENT143,JNJ,57467,177.15
CLIENT143,ETH-USD,2778,5278.71
CLIENT143,PG,118484,189.41
CLIENT143,USO,367709,48.46
CLIENT143,VTI,43082,278.05
CLIENT143,TSLA,33422,201.03
CLIENT143,KO,178815,57.25
CLIENT143,IEF,85020,111.35
CLIENT143,SPY,25487,529.55
CLIENT143,NVDA,19273,390.63
CLIENT143,GLD,12897,162.35
CLIENT143,SLV,121181,27.37
CLIENT143,C,1558896,58.96
CLIENT144,ETH-USD,20394,5250.75
CLIENT144,C,770704,57.58
CLIENT144,BTC-USD,939,83977.3
CLIENT144,PEP,529843,157.24
CLIENT144,GLD,784943,143.49
CLIENT144,IWM,444155,214.75
CLIENT144,WFC,2419388,33.74
CLIENT144,VNQ,519808,123.17
CLIENT144,TSLA,1796929,318.69
CLIENT145,VNQ,677852,98.44
CLIENT145,SPY,180694,474.05
CLIENT145,PEP,961555,148.65
CLIENT145,MSFT,96066,427.33
CLIENT145,IWM,257205,219.92
CLIENT145,USO,537330,62.82
CLIENT145,IEF,636709,121.75
CLIENT145,VTI,354497,269.64
CLIENT145,GLD,504110,155.11
CLIENT145,BAC,315173,41.41
CLIENT145,SLV,14338975,34.1
CLIENT146,MSFT,130859,472.26
CLIENT146,TSLA,218785,203.15
CLIENT146,ETH-USD,6312,3703.31
CLIENT146,BTC-USD,1681,75700.18
CLIENT146,BTC-USD,1755,56716.55
CLIENT146,IWM,295730,205.14
CLIENT146,SPY,66410,523.05
CLIENT146,KO,695551,74.4
CLIENT146,GLD,102757,162.8
CLIENT146,VTI,60250,251.48
CLIENT146,TLT,100324,136.44
CLIENT146,AMZN,9213,4194.19
CLIENT146,GOOGL,8686,2973.47
CLIENT146,ETH-USD,16980,2334.52
CLIENT146,VNQ,322949,99.69
CLIENT146,JPM,36113,210.41
CLIENT146,SLV,1074494,35.52
CLIENT146,BAC,218576,25.4
CLIENT146,C,6496122,37.44
CLIENT147,PG,396666,174.3
CLIENT147,KO,284216,77.92
CLIENT147,BTC-USD,1859,34588.38
CLIENT147,TLT,431218,138.65
CLIENT147,AMZN,11817,3517.32
CLIENT147,SLV,2421071,31.73
CLIENT147,JNJ,445153,134.81
CLIENT147,IWM,339859,195.06
CLIENT147,QQQ,163533,373.73
CLIENT147,IEF,261705,94.87
CLIENT147,TSLA,196953,243.81
CLIENT147,SPY,17522,396.75
CLIENT147,NVDA,18008,966.55
CLIENT147,VTI,111110,263.27
CLIENT147,PEP,94766,167.93
CLIENT147,USO,178174,95.69
CLIENT147,GLD,992748,210.91
CLIENT148,MSFT,128814,444.64
CLIENT148,BAC,1510660,36.81
CLIENT148,IWM,86648,166.09
CLIENT148,QQQ,165100,512.47
CLIENT148,TSLA,87237,253.36
CLIENT148,NVDA,11677,1019.68
CLIENT148,USO,302306,78.61
CLIENT148,KO,647374,47.73
CLIENT148,GOOGL,16151,2906.23
CLIENT148,VNQ,351227,122.45
CLIENT148,JNJ,149204,138.17
CLIENT148,WFC,136484,58.18
CLIENT148,AAPL,273543,161.28
CLIENT148,AMZN,13022,2707.79
CLIENT148,JPM,121828,178.5
CLIENT148,VTI,96187,290.51
CLIENT148,PEP,104733,216.2
CLIENT148,PG,106330,119.1
CLIENT148,SLV,3985342,34.27
CLIENT149,KO,319407,66.57
CLIENT149,JPM,148134,192.65
CLIENT149,IWM,347904,159.96
CLIENT149,BTC-USD,393,45589.0
CLIENT149,JNJ,89446,209.66
CLIENT149,GLD,167988,149.33
CLIENT149,TLT,205250,71.49
CLIENT149,GOOGL,6982,2352.3
CLIENT149,MSFT,962191,469.4
CLIENT150,TSLA,121893,203.26
CLIENT150,NVDA,64255,646.14
CLIENT150,QQQ,99878,470.81
CLIENT150,BAC,1180718,58.27
CLIENT150,SPY,22705,393.69
CLIENT150,WFC,218540,48.75
CLIENT150,SLV,1254589,27.39
CLIENT150,IEF,418109,105.53
CLIENT150,MSFT,15184,414.86
CLIENT150,TLT,60907,96.43
CLIENT150,PEP,171169,156.64
CLIENT150,C,681495,47.14
CLIENT150,VTI,97297,195.89
CLIENT150,BTC-USD,548,45226.26
CLIENT150,GOOGL,11228,2202.75
CLIENT150,AAPL,44889,156.96
CLIENT150,PG,174618,130.7
CLIENT150,KO,207403,44.01
CLIENT150,USO,251844,54.25
CLIENT150,ETH-USD,4132,3135.49
CLIENT150,VNQ,86329,129.8
CLIENT150,ETH-USD,18993,4384.54
CLIENT151,QQQ,333810,294.86
CLIENT151,PEP,445566,178.73
CLIENT151,GOOGL,16797,2406.52
CLIENT151,C,1146840,70.01
CLIENT151,PG,618656,114.54
CLIENT151,KO,744113,68.4
CLIENT151,MSFT,90862,359.73
CLIENT151,AMZN,14728,2833.13
CLIENT151,TSLA,141866,350.15
CLIENT151,JPM,112114,197.1
CLIENT151,BTC-USD,645,48828.96
CLIENT151,ETH-USD,4485,4945.26
CLIENT151,WFC,462809,59.9
CLIENT151,VTI,20814,291.7
CLIENT151,BAC,173561,48.74
CLIENT151,AAPL,111474,204.24
CLIENT151,SLV,404204,21.04
CLIENT151,TLT,80985,117.78
CLIENT151,JNJ,94960,146.47
CLIENT151,VNQ,95647,93.02
CLIENT151,IEF,73867,138.17
CLIENT151,NVDA,244451,423.37
CLIENT152,USO,503860,84.7
CLIENT152,KO,497110,56.95
CLIENT152,ETH-USD,29811,2145.12
CLIENT152,ETH-USD,7990,3896.85
CLIENT152,C,643950,77.69
CLIENT152,JPM,613982,109.19
CLIENT152,JNJ,311872,208.01
CLIENT152,TLT,233337,109.71
CLIENT152,BTC-USD,563,81448.39
CLIENT152,NVDA,107549,379.58
CLIENT152,AMZN,8376,2465.29
CLIENT152,VNQ,250845,120.53
CLIENT152,SPY,76058,430.08
CLIENT152,PG,153944,147.14
CLIENT152,PEP,120574,179.4
CLIENT152,BAC,363557,49.63
CLIENT152,QQQ,43903,364.75
CLIENT152,GOOGL,3100,2844.75
CLIENT152,BTC-USD,207,70039.12
CLIENT152,IEF,107450,143.85
CLIENT152,IWM,81716,165.93
CLIENT152,SLV,3151769,27.09
CLIENT153,BAC,2220456,27.76
CLIENT153,QQQ,104554,439.9
CLIENT153,KO,648254,54.58
CLIENT153,USO,1613145,56.14
CLIENT153,IWM,267824,233.25
CLIENT153,ETH-USD,14094,4075.71
CLIENT153,JPM,346961,188.79
CLIENT153,TLT,136709,139.7
CLIENT153,IEF,475913,73.32
CLIENT153,PG,561579,141.21
CLIENT153,GLD,283819,148.06
CLIENT153,VNQ,405122,99.46
CLIENT153,MSFT,164182,359.32
CLIENT153,SPY,86238,592.74
CLIENT153,C,275643,63.82
CLIENT153,AMZN,6838,2590.91
CLIENT153,TSLA,79316,312.92
CLIENT153,SLV,12302722,25.62
CLIENT154,SPY,151007,550.32
CLIENT154,WFC,1678099,42.27
CLIENT154,TSLA,128484,305.07
CLIENT154,MSFT,42841,365.74
CLIENT154,JNJ,507784,135.33
CLIENT154,PEP,247356,177.54
CLIENT154,IEF,245821,132.34
CLIENT154,USO,373401,104.41
CLIENT154,BAC,330416,26.69
CLIENT154,TLT,103413,105.39
CLIENT154,AMZN,13235,2827.47
CLIENT154,PG,86795,203.62
CLIENT154,NVDA,37511,760.16
CLIENT154,GLD,59510,149.34
CLIENT154,C,209814,82.75
CLIENT154,VTI,33093,271.73
CLIENT154,SLV,215099,32.57
CLIENT154,VNQ,153060,136.18
CLIENT154,IWM,458376,262.95
CLIENT155,BTC-USD,543,68408.25
CLIENT155,QQQ,61132,286.18
CLIENT155,VNQ,279356,93.17
CLIENT155,TLT,168118,123.65
CLIENT155,IWM,91751,238.9
CLIENT155,KO,536148,75.14
CLIENT155,WFC,500322,62.8
CLIENT155,TSLA,19500,350.25
CLIENT155,AMZN,8406,3732.27
CLIENT155,JNJ,47101,189.81
CLIENT155,PEP,148664,221.72
CLIENT155,AAPL,183799,128.99
CLIENT155,NVDA,50738,512.81
CLIENT155,JPM,118136,179.16
CLIENT155,VTI,23613,275.49
CLIENT155,GOOGL,5573,3101.24
CLIENT155,MSFT,331145,453.28
CLIENT156,GLD,116922,171.25
CLIENT156,MSFT,203561,269.39
CLIENT156,PEP,236120,214.04
CLIENT156,IEF,90768,111.71
CLIENT156,JNJ,284639,158.57
CLIENT156,IWM,214364,170.64
CLIENT156,KO,185568,53.47
CLIENT156,JPM,65096,159.9
CLIENT156,AAPL,181358,126.73
CLIENT156,VNQ,123324,84.57
CLIENT156,USO,158113,55.61
CLIENT156,AMZN,8146,3317.15
CLIENT156,WFC,637724,33.59
CLIENT156,TSLA,62009,206.1
CLIENT156,BTC-USD,193,64902.52
CLIENT156,BAC,81631,33.3
CLIENT156,C,52913,70.14
CLIENT156,GOOGL,5788,2401.92
CLIENT156,NVDA,8708,726.05
CLIENT156,QQQ,7766,535.09
CLIENT156,TLT,51364,97.98
CLIENT156,PG,565754,124.75
CLIENT157,SLV,2411613,23.95
CLIENT157,ETH-USD,19544,4466.51
CLIENT157,JNJ,527761,123.29
CLIENT157,TLT,307682,95.38
CLIENT157,TSLA,85259,178.79
CLIENT157,GLD,228363,205.13
CLIENT157,BTC-USD,401,57426.48
CLIENT157,ETH-USD,4123,3568.75
CLIENT157,C,234565,58.62
CLIENT157,AAPL,223101,186.86
CLIENT157,NVDA,15765,428.26
CLIENT157,PG,179623,132.52
CLIENT157,VTI,102250,195.18
CLIENT157,WFC,365559,46.04
CLIENT157,IEF,339179,84.58
CLIENT157,PEP,106337,137.06
CLIENT157,BAC,516301,30.12
CLIENT157,USO,203575,102.96
CLIENT157,GOOGL,7029,2803.46
CLIENT157,BTC-USD,1748,67744.56
CLIENT158,BAC,1803472,47.13
CLIENT158,JPM,323841,171.05
CLIENT158,SPY,129195,496.02
CLIENT158,GLD,240397,169.01
CLIENT158,QQQ,58863,303.65
CLIENT158,PEP,219509,194.12
CLIENT158,ETH-USD,8897,3743.38
CLIENT158,VTI,186929,162.25
CLIENT158,NVDA,31520,882.12
CLIENT158,JNJ,39101,176.83
CLIENT158,AAPL,83296,136.6
CLIENT158,IWM,51788,159.05
CLIENT158,SLV,302506,35.45
CLIENT158,MSFT,49004,325.56
CLIENT158,VNQ,81842,102.31
CLIENT158,TLT,196759,84.66
CLIENT158,WFC,235389,68.42
CLIENT158,C,86853,45.97
CLIENT158,AMZN,1054,2851.42
CLIENT158,TSLA,41452,202.63
CLIENT158,GOOGL,2673,2555.25
CLIENT158,PG,24468,176.08
CLIENT158,KO,1433253,50.29
CLIENT159,MSFT,167166,309.11
CLIENT159,BTC-USD,1328,44195.3
CLIENT159,C,209586,72.91
CLIENT159,SLV,2181743,30.54
CLIENT159,TSLA,45989,236.25
CLIENT159,VNQ,207309,116.34
CLIENT159,AAPL,269590,145.8
CLIENT159,AMZN,5844,3266.33
CLIENT159,BAC,356338,26.26
CLIENT159,IEF,213758,119.31
CLIENT159,GLD,76270,171.97
CLIENT159,WFC,873122,62.43
CLIENT159,NVDA,20049,385.0
CLIENT159,QQQ,68352,410.52
CLIENT159,JPM,67224,158.69
CLIENT159,JNJ,174535,143.66
CLIENT159,TLT,161566,93.19
CLIENT159,GOOGL,4415,2594.89
CLIENT159,PG,43805,163.13
CLIENT159,KO,424351,75.82
CLIENT159,IWM,127986,182.33
CLIENT159,USO,218611,54.86
CLIENT159,VTI,67657,333.25
CLIENT159,SPY,231961,589.0
CLIENT160,MSFT,47574,248.15
CLIENT160,PEP,83891,204.8
CLIENT160,NVDA,26766,776.46
CLIENT160,BAC,726380,28.11
CLIENT160,TSLA,248134,245.97
CLIENT160,JNJ,272518,134.98
CLIENT160,ETH-USD,11918,2364.08
CLIENT160,BTC-USD,118,60942.17
CLIENT160,JPM,215184,175.1
CLIENT160,WFC,283035,33.36
CLIENT160,GLD,137047,226.84
CLIENT160,QQQ,45167,295.35
CLIENT160,C,2625059,70.49
CLIENT161,MSFT,61357,284.91
CLIENT161,PEP,438429,192.36
CLIENT161,PG,134644,178.91
CLIENT161,SLV,1135871,19.83
CLIENT161,AAPL,154873,199.13
CLIENT161,JPM,350061,171.52
CLIENT161,IEF,581943,92.52
CLIENT161,NVDA,33828,619.62
CLIENT161,JNJ,54410,183.69
CLIENT161,TLT,127707,131.55
CLIENT161,GOOGL,13749,2592.95
CLIENT161,C,464256,66.28
CLIENT161,TSLA,47907,243.63
CLIENT161,SPY,75456,386.85
CLIENT161,IWM,169083,153.14
CLIENT161,VTI,66561,329.87
CLIENT161,USO,288547,57.04
CLIENT161,BAC,2365326,53.9
CLIENT162,VTI,117768,290.27
CLIENT162,USO,481639,52.66
CLIENT162,TSLA,71959,347.59
CLIENT162,KO,685357,60.31
CLIENT162,ETH-USD,7879,3947.87
CLIENT162,GOOGL,2260,2730.65
CLIENT162,QQQ,20454,474.42
CLIENT162,SLV,358529,33.83
CLIENT162,VNQ,257181,93.94
CLIENT162,TLT,82162,138.64
CLIENT162,SPY,33471,570.79
CLIENT162,JNJ,66786,183.98
CLIENT162,BTC-USD,243,65116.71
CLIENT162,PG,108024,135.09
CLIENT162,AMZN,3262,3423.48
CLIENT162,JPM,10065,210.69
CLIENT162,IEF,62655,133.2
CLIENT162,AAPL,69797,124.52
CLIENT162,PEP,26968,190.54
CLIENT162,BAC,174256,25.01
CLIENT162,NVDA,14030,484.59
CLIENT162,IWM,17639,248.27
CLIENT162,MSFT,135181,344.69
CLIENT163,C,589077,52.16
CLIENT163,AMZN,4866,2648.0
CLIENT163,VTI,43314,332.81
CLIENT163,AAPL,46899,194.17
CLIENT163,SLV,2276236,16.63
CLIENT163,QQQ,17452,391.79
CLIENT163,TSLA,24349,228.84
CLIENT163,JPM,74480,179.7
CLIENT163,IWM,74657,218.21
CLIENT163,BTC-USD,517,38787.3
CLIENT163,IEF,199312,112.6
CLIENT163,USO,62541,78.62
CLIENT163,KO,201182,51.41
CLIENT163,GLD,18009,171.77
CLIENT163,PEP,91748,167.84
CLIENT163,BAC,94771,55.73
CLIENT163,TLT,649299,140.72
CLIENT164,JPM,332014,135.19
CLIENT164,MSFT,57286,414.02
CLIENT164,TSLA,56202,234.02
CLIENT164,C,577516,61.46
CLIENT164,TLT,306989,124.61
CLIENT164,VNQ,573445,66.74
CLIENT164,ETH-USD,1149,4938.24
CLIENT164,IEF,304330,91.09
CLIENT164,QQQ,23526,346.4
CLIENT164,PG,51070,143.69
CLIENT164,AAPL,1552043,133.59
CLIENT165,VTI,123022,247.73
CLIENT165,MSFT,48257,312.79
CLIENT165,TLT,682372,106.88
CLIENT165,GLD,319512,166.59
CLIENT165,KO,616219,63.53
CLIENT165,PEP,248226,186.48
CLIENT165,VNQ,261788,122.16
CLIENT165,C,989906,38.74
CLIENT165,SPY,66340,391.93
CLIENT165,AAPL,118018,231.0
CLIENT165,JNJ,47532,152.18
CLIENT165,AMZN,58535,2938.48
CLIENT166,BAC,1577429,25.11
CLIENT166,PG,53671,119.41
CLIENT166,MSFT,107915,262.81
CLIENT166,VTI,16757,313.67
CLIENT166,KO,346484,60.74
CLIENT166,IEF,99087,74.97
CLIENT166,JNJ,142331,175.8
CLIENT166,AAPL,62210,225.79
CLIENT166,ETH-USD,1102,4771.38
CLIENT166,BTC-USD,181,62387.05
CLIENT166,BTC-USD,231,71334.52
CLIENT166,SPY,31828,381.22
CLIENT166,PEP,61842,183.6
CLIENT166,VNQ,118614,73.72
CLIENT166,USO,81062,101.66
CLIENT166,GOOGL,2356,3193.58
CLIENT166,QQQ,10973,369.75
CLIENT166,TLT,10779,114.17
CLIENT166,JPM,20627,210.65
CLIENT166,TSLA,7928,314.11
CLIENT166,GLD,373043,132.92
CLIENT167,QQQ,145461,424.6
CLIENT167,WFC,433855,51.66
CLIENT167,AMZN,14810,4110.44
CLIENT167,IEF,469734,107.23
CLIENT167,TLT,483755,140.25
CLIENT167,GLD,172650,138.18
CLIENT167,TSLA,224545,172.21
CLIENT167,MSFT,245526,343.86
CLIENT167,GOOGL,3450,3597.88
CLIENT167,C,946095,33.25
CLIENT167,JPM,149829,184.84
CLIENT167,BAC,1116213,42.81
CLIENT167,NVDA,47508,1019.76
CLIENT167,PG,113148,136.28
CLIENT167,VNQ,484287,90.59
CLIENT167,PEP,185782,188.25
CLIENT167,KO,486386,64.6
CLIENT167,JNJ,60304,210.73
CLIENT167,SLV,4969887,34.93
CLIENT168,JNJ,466282,212.04
CLIENT168,QQQ,45881,444.7
CLIENT168,SPY,111637,332.33
CLIENT168,PG,424824,189.89
CLIENT168,AMZN,13796,3838.59
CLIENT168,PEP,270409,195.7
CLIENT168,GOOGL,14608,3347.55
CLIENT168,USO,1013263,55.64
CLIENT168,MSFT,43003,332.44
CLIENT168,SLV,1953436,25.31
CLIENT168,IEF,111562,118.8
CLIENT168,BAC,589983,47.43
CLIENT168,VNQ,365099,94.08
CLIENT168,AAPL,212553,161.83
CLIENT168,VTI,97317,281.95
CLIENT168,GLD,20837,191.33
CLIENT168,C,61407,61.78
CLIENT168,WFC,304070,55.04
CLIENT168,IWM,11524,263.7
CLIENT168,BTC-USD,243,40944.52
CLIENT168,TLT,110666,101.08
CLIENT168,KO,288376,58.2
CLIENT168,JPM,30586,150.74
CLIENT168,TSLA,16177,333.08
CLIENT168,NVDA,153599,619.55
CLIENT169,JPM,484041,156.15
CLIENT169,PG,1067567,156.59
CLIENT169,TLT,1568096,74.65
CLIENT169,GOOGL,11745,3497.52
CLIENT169,TSLA,378632,346.32
CLIENT169,SLV,4267719,32.2
CLIENT169,AMZN,23523,3694.91
CLIENT169,NVDA,1588839,436.58
CLIENT170,BAC,4164304,30.85
CLIENT170,SLV,3888806,31.3
CLIENT170,C,2541332,55.19
CLIENT170,JNJ,666730,162.64
CLIENT170,ETH-USD,24531,2336.15
CLIENT170,GOOGL,10504,2490.18
CLIENT170,IWM,555209,162.44
CLIENT170,PEP,275018,203.44
CLIENT170,BTC-USD,145,76098.32
CLIENT170,TLT,528961,101.9
CLIENT170,TSLA,1465596,331.94
CLIENT171,ETH-USD,18853,5302.15
CLIENT171,C,972591,42.57
CLIENT171,TLT,404896,130.16
CLIENT171,KO,1080322,59.86
CLIENT171,BTC-USD,696,66434.34
CLIENT171,AMZN,15741,3643.09
CLIENT171,JNJ,97856,195.61
CLIENT171,AAPL,304070,127.71
CLIENT171,PEP,175121,181.11
CLIENT171,VNQ,104412,118.54
CLIENT171,TSLA,26316,334.42
CLIENT171,JPM,42009,142.35
CLIENT171,SPY,62336,364.83
CLIENT171,USO,298674,72.25
CLIENT171,BAC,419301,50.58
CLIENT171,GLD,104733,153.94
CLIENT171,QQQ,39932,307.77
CLIENT171,WFC,165187,63.71
CLIENT171,NVDA,35527,550.06
CLIENT171,IEF,154925,121.04
CLIENT171,IWM,85834,171.24
CLIENT171,MSFT,416669,248.02
CLIENT172,WFC,1065790,70.88
CLIENT172,ETH-USD,14210,3906.8
CLIENT172,JNJ,285938,165.29
CLIENT172,AAPL,320551,136.59
CLIENT172,PEP,291783,167.18
CLIENT172,BTC-USD,251,81401.92
CLIENT172,GLD,142570,203.17
CLIENT172,AMZN,7640,2515.05
CLIENT172,ETH-USD,6303,5294.2
CLIENT172,IWM,58966,188.47
CLIENT172,MSFT,65345,412.16
CLIENT172,GOOGL,8679,2338.68
CLIENT172,NVDA,4292,952.62
CLIENT172,VTI,45777,211.23
CLIENT172,SLV,176156,28.92
CLIENT172,TSLA,77941,168.32
CLIENT172,BTC-USD,2359,49503.45
CLIENT173,KO,359585,76.18
CLIENT173,MSFT,142571,458.52
CLIENT173,VTI,87098,293.68
CLIENT173,WFC,1023613,56.35
CLIENT173,BTC-USD,299,72119.51
CLIENT173,AAPL,78876,151.75
CLIENT173,QQQ,81147,500.73
CLIENT173,GLD,149060,155.28
CLIENT173,JPM,132877,173.16
CLIENT173,SPY,42786,419.72
CLIENT173,TLT,318262,68.94
CLIENT173,GOOGL,8269,2309.49
CLIENT173,BAC,226428,52.04
CLIENT173,BTC-USD,255,56053.59
CLIENT173,PG,64151,137.69
CLIENT173,JNJ,85876,203.16
CLIENT173,ETH-USD,877,5095.09
CLIENT173,AMZN,4114,3594.57
CLIENT173,TSLA,11391,309.26
CLIENT173,C,153713,56.35
CLIENT173,ETH-USD,1206,4833.0
CLIENT173,NVDA,31183,326.08
CLIENT173,USO,72823,99.14
CLIENT173,SLV,2978482,19.33
CLIENT174,ETH-USD,11960,3357.48
CLIENT174,JPM,237574,176.44
CLIENT174,QQQ,142820,314.92
CLIENT174,GLD,341779,145.0
CLIENT174,PEP,128439,176.51
CLIENT174,VNQ,213703,126.97
CLIENT174,GOOGL,5205,3317.57
CLIENT174,C,140358,55.53
CLIENT174,AMZN,1627,4171.54
CLIENT174,IWM,20907,273.24
CLIENT174,JNJ,38436,134.7
CLIENT174,AAPL,54169,145.57
CLIENT174,SPY,14839,482.2
CLIENT174,VTI,22333,235.95
CLIENT174,WFC,176077,61.46
CLIENT174,KO,250440,51.85
CLIENT174,MSFT,39187,293.21
CLIENT174,NVDA,15797,891.64
CLIENT174,BAC,59092,56.98
CLIENT174,SLV,640877,16.74
CLIENT174,TSLA,326472,327.92
CLIENT175,QQQ,128975,305.6
CLIENT175,WFC,483902,58.29
CLIENT175,VNQ,146739,69.34
CLIENT175,KO,396407,74.1
CLIENT175,AAPL,100180,186.23
CLIENT175,SPY,56437,353.01
CLIENT175,USO,295443,88.43
CLIENT175,JPM,243883,109.41
CLIENT175,GOOGL,12684,2105.41
CLIENT175,JNJ,78920,166.56
CLIENT175,IEF,118705,134.82
CLIENT175,BAC,110599,38.95
CLIENT175,AMZN,5274,3107.62
CLIENT175,IWM,15473,286.54
CLIENT175,ETH-USD,661,5323.72
CLIENT175,C,1256981,77.12
CLIENT176,IWM,230909,189.21
CLIENT176,AMZN,12673,2412.49
CLIENT176,VNQ,63159,132.95
CLIENT176,PEP,59648,145.66
CLIENT176,GOOGL,12723,2889.15
CLIENT176,SPY,34455,591.31
CLIENT176,QQQ,17471,394.1
CLIENT176,USO,277806,86.65
CLIENT176,BTC-USD,203,77690.93
CLIENT176,JNJ,57332,160.65
CLIENT176,NVDA,6572,1056.33
CLIENT176,ETH-USD,2910,3829.46
CLIENT176,TLT,30475,103.75
CLIENT176,PG,143355,114.89
CLIENT176,SLV,259697,23.85
CLIENT176,TSLA,28505,307.23
CLIENT176,KO,1857664,44.59
CLIENT177,SPY,173357,379.82
CLIENT177,SLV,2332559,31.17
CLIENT177,AAPL,262333,158.11
CLIENT177,ETH-USD,5160,2877.93
CLIENT177,TLT,360137,108.37
CLIENT177,IWM,85513,212.31
CLIENT177,USO,340574,71.76
CLIENT177,PG,293401,138.97
CLIENT177,VNQ,159889,99.82
CLIENT177,MSFT,36825,362.41
CLIENT177,GLD,287423,138.74
CLIENT177,KO,557086,57.25
CLIENT177,TSLA,61414,217.86
CLIENT177,C,279099,77.95
CLIENT177,QQQ,36829,506.7
CLIENT177,PEP,91138,220.39
CLIENT177,IEF,1343023,95.14
CLIENT178,BAC,465140,25.07
CLIENT178,QQQ,190016,424.49
CLIENT178,AMZN,13457,4187.69
CLIENT178,VNQ,474869,104.11
CLIENT178,WFC,248827,51.12
CLIENT178,ETH-USD,9507,2462.26
CLIENT178,JNJ,84409,146.4
CLIENT178,AAPL,90122,137.77
CLIENT178,USO,133828,79.24
CLIENT178,GLD,147101,200.94
CLIENT178,BTC-USD,197,60486.01
CLIENT178,C,547626,50.31
CLIENT178,PEP,29270,165.71
CLIENT178,KO,3776277,62.62
CLIENT179,WFC,568231,43.2
CLIENT179,MSFT,181689,284.66
CLIENT179,QQQ,121487,365.64
CLIENT179,JNJ,164468,157.39
CLIENT179,JPM,331598,122.38
CLIENT179,SLV,664843,35.29
CLIENT179,IEF,364172,104.09
CLIENT179,AAPL,82943,145.7
CLIENT179,VNQ,107672,126.44
CLIENT179,IWM,49347,203.0
CLIENT179,ETH-USD,1263,3863.84
CLIENT179,BTC-USD,235,61182.79
CLIENT179,GOOGL,8700,2864.31
CLIENT179,KO,53955,74.11
CLIENT179,VTI,48200,308.87
CLIENT179,GLD,43174,231.08
CLIENT179,PG,57872,158.62
CLIENT179,PEP,737831,153.81
CLIENT180,SLV,2852249,16.92
CLIENT180,GLD,98394,143.95
CLIENT180,GOOGL,4916,2938.13
CLIENT180,NVDA,42398,830.67
CLIENT180,IEF,152334,117.43
CLIENT180,TLT,271043,107.68
CLIENT180,QQQ,107310,329.17
CLIENT180,ETH-USD,5988,4830.11
CLIENT180,AMZN,2038,3156.81
CLIENT180,USO,210568,68.99
CLIENT180,MSFT,44945,446.91
CLIENT180,IWM,31527,199.89
CLIENT180,AAPL,83771,224.98
CLIENT180,TSLA,10155,302.51
CLIENT180,PEP,52761,213.23
CLIENT180,JNJ,19805,141.06
CLIENT180,WFC,297368,47.68
CLIENT180,PG,36182,201.97
CLIENT180,BAC,140342,32.72
CLIENT180,BTC-USD,134,68727.8
CLIENT180,SPY,5782,398.79
CLIENT180,KO,184094,45.93
CLIENT180,JPM,661496,101.62
CLIENT181,ABT,840735,155.2
CLIENT181,SPY,914887,400.31
CLIENT181,MCD,270215,303.5
CLIENT181,SO,1743712,49.83
CLIENT181,TLT,1511324,125.15
CLIENT181,QQQ,501577,311.05
CLIENT181,MDT,1479576,89.47
CLIENT181,IWM,1296493,188.6
CLIENT181,IEF,1084847,109.85
CLIENT181,SHY,585878,95.52
CLIENT181,VTI,920549,167.31
CLIENT181,T,6093693,23.9
CLIENT181,VZ,1101735,52.6
CLIENT181,NEE,10896699,84.39
CLIENT182,PEP,503463,213.45
CLIENT182,SHY,2178029,71.75
CLIENT182,SPY,255909,527.1
CLIENT182,IWM,719261,197.75
CLIENT182,QQQ,586785,285.16
CLIENT182,TLT,313785,88.28
CLIENT182,GLD,674054,182.78
CLIENT182,PG,1058843,123.27
CLIENT182,VTI,158162,280.19
CLIENT182,NEE,526434,59.02
CLIENT182,LQD,561304,122.9
CLIENT182,VZ,1262622,34.58
CLIENT182,VTEB,1179227,40.38
CLIENT182,HYG,448143,98.98
CLIENT182,MDT,388270,141.19
CLIENT182,ABT,6143182,92.06
CLIENT183,ABT,1942219,93.58
CLIENT183,PG,637496,182.65
CLIENT183,TLT,2012731,89.47
CLIENT183,SO,1221917,70.75
CLIENT183,MCD,523297,310.49
CLIENT183,IEF,807595,120.08
CLIENT183,KO,1265715,69.65
CLIENT183,LQD,136298,147.64
CLIENT183,MDT,342298,141.61
CLIENT183,GLD,69090,225.99
CLIENT183,JNJ,3371390,193.82
CLIENT184,KO,1074333,70.75
CLIENT184,TLT,1357892,86.97
CLIENT184,HYG,1432408,105.55
CLIENT184,ABT,1511542,80.74
CLIENT184,VTI,535286,226.99
CLIENT184,PG,564440,143.3
CLIENT184,MCD,351377,225.39
CLIENT184,GLD,399385,223.38
CLIENT184,LQD,521532,103.83
CLIENT184,IWM,94091,238.12
CLIENT184,QQQ,37073,495.67
CLIENT184,VZ,1603127,43.69
CLIENT184,JNJ,2869704,145.27
CLIENT185,JNJ,393561,132.97
CLIENT185,MDT,389463,121.96
CLIENT185,HYG,328269,102.0
CLIENT185,IWM,117916,224.68
CLIENT185,SPY,401690,405.37
CLIENT185,VZ,1190227,42.92
CLIENT185,VTI,266565,329.41
CLIENT185,KO,14927320,54.83
CLIENT186,VTEB,2730925,41.13
CLIENT186,GLD,398383,202.61
CLIENT186,JNJ,147101,213.48
CLIENT186,KO,931348,70.9
CLIENT186,SHY,260258,71.42
CLIENT186,TLT,252330,88.58
CLIENT186,SO,532600,68.68
CLIENT186,VZ,452517,51.56
CLIENT186,IEF,1027070,79.08
CLIENT186,MDT,639088,84.74
CLIENT186,LQD,517046,115.9
CLIENT186,SPY,31974,419.72
CLIENT186,QQQ,127108,399.54
CLIENT186,VTI,140494,203.19
CLIENT186,IWM,86570,200.09
CLIENT186,HYG,579890,63.42
CLIENT186,NEE,285606,81.84
CLIENT186,T,11496870,19.41
CLIENT187,JNJ,596223,139.9
CLIENT187,IEF,655182,116.63
CLIENT187,LQD,287531,98.38
CLIENT187,TLT,868921,100.85
CLIENT187,SHY,756099,66.54
CLIENT187,VTEB,1137033,61.09
CLIENT187,GLD,293051,217.62
CLIENT187,T,1223574,18.83
CLIENT187,IWM,64881,153.54
CLIENT187,MCD,22684,327.32
CLIENT187,MDT,111042,104.95
CLIENT187,KO,356930,66.14
CLIENT187,PEP,65672,161.21
CLIENT187,HYG,222293,103.08
CLIENT187,NEE,565280,61.04
CLIENT187,VZ,520171,53.05
CLIENT187,PG,250819,121.17
CLIENT187,SPY,26504,541.25
CLIENT187,ABT,105856,136.11
CLIENT187,VTI,68024,227.87
CLIENT187,SO,102770,94.61
CLIENT187,QQQ,411385,303.98
CLIENT188,TLT,1487743,67.15
CLIENT188,NEE,242382,53.53
CLIENT188,T,1901871,20.19
CLIENT188,HYG,897908,79.8
CLIENT188,GLD,141456,195.21
CLIENT188,QQQ,26042,363.77
CLIENT188,SPY,81758,537.16
CLIENT188,JNJ,278494,163.84
CLIENT188,PEP,91398,136.75
CLIENT188,VTI,185669,264.85
CLIENT188,ABT,88141,148.21
CLIENT188,VZ,180658,33.6
CLIENT188,SO,350058,59.14
CLIENT188,SHY,85861,67.62
CLIENT188,VTEB,680706,42.68
CLIENT188,LQD,109019,117.35
CLIENT188,MCD,98952,248.82
CLIENT188,IEF,233786,105.0
CLIENT188,PG,59477,198.0
CLIENT188,IWM,94922,161.2
CLIENT188,MDT,1520954,95.36
CLIENT189,NEE,1308747,69.61
CLIENT189,SPY,31376,537.75
CLIENT189,LQD,294345,155.26
CLIENT189,IWM,191841,267.78
CLIENT189,PEP,285137,189.73
CLIENT189,HYG,645319,83.45
CLIENT189,JNJ,215858,183.14
CLIENT189,MDT,252793,138.56
CLIENT189,KO,573091,59.56
CLIENT189,SHY,289652,84.12
CLIENT189,T,922608,18.74
CLIENT189,TLT,64034,94.19
CLIENT189,IEF,282030,98.61
CLIENT189,VZ,251901,31.62
CLIENT189,VTEB,553374,45.48
CLIENT189,QQQ,42780,311.6
CLIENT189,ABT,77816,107.9
CLIENT189,GLD,15221,224.35
CLIENT189,SO,2139653,58.21
CLIENT190,QQQ,213840,361.09
CLIENT190,KO,815173,70.39
CLIENT190,IWM,122400,278.74
CLIENT190,T,2330103,22.84
CLIENT190,SHY,143685,99.88
CLIENT190,HYG,140152,64.34
CLIENT190,SPY,79477,521.84
CLIENT190,VTEB,795044,57.54
CLIENT190,NEE,565256,58.78
CLIENT190,ABT,170715,151.6
CLIENT190,MDT,267551,112.3
CLIENT190,PG,102709,201.72
CLIENT190,SO,112122,64.0
CLIENT190,GLD,97365,152.34
CLIENT190,LQD,144390,106.86
CLIENT190,PEP,66982,207.57
CLIENT190,VTI,680689,185.48
CLIENT191,PEP,94177,204.7
CLIENT191,SO,566498,78.88
CLIENT191,T,1802951,21.44
CLIENT191,IWM,249055,259.3
CLIENT191,TLT,576363,92.52
CLIENT191,LQD,372666,112.81
CLIENT191,QQQ,98449,350.78
CLIENT191,NEE,432648,77.74
CLIENT191,VTI,22359,213.48
CLIENT191,SHY,267694,86.53
CLIENT191,GLD,1040309,193.53
CLIENT192,PG,202652,144.89
CLIENT192,MCD,188763,289.81
CLIENT192,IEF,145454,101.27
CLIENT192,VZ,548884,45.55
CLIENT192,KO,187742,65.04
CLIENT192,VTEB,750869,65.85
CLIENT192,PEP,111193,193.26
CLIENT192,SPY,42350,429.8
CLIENT192,TLT,70354,138.76
CLIENT192,T,406241,28.33
CLIENT192,JNJ,81994,137.01
CLIENT192,HYG,331879,92.39
CLIENT192,VTI,178315,160.79
CLIENT192,LQD,49309,89.26
CLIENT192,SHY,265987,84.5
CLIENT192,SO,2337170,75.36
CLIENT193,LQD,243544,127.9
CLIENT193,SO,155503,85.38
CLIENT193,SPY,18297,585.98
CLIENT193,PG,74922,160.36
CLIENT193,T,2546562,16.15
CLIENT193,KO,177806,52.68
CLIENT193,MDT,227352,102.15
CLIENT193,QQQ,71075,476.26
CLIENT193,PEP,205610,195.37
CLIENT193,SHY,486474,67.75
CLIENT193,IWM,161777,146.45
CLIENT193,ABT,153341,88.66
CLIENT193,MCD,17862,305.47
CLIENT193,JNJ,1438178,131.69
CLIENT194,IEF,254168,73.88
CLIENT194,PEP,273961,160.49
CLIENT194,IWM,110430,284.54
CLIENT194,PG,200330,158.83
CLIENT194,SPY,51837,573.86
CLIENT194,VTI,83217,292.6
CLIENT194,T,1080464,28.49
CLIENT194,LQD,122903,83.8
CLIENT194,MDT,47088,91.81
CLIENT194,HYG,219300,67.67
CLIENT194,ABT,93678,92.32
CLIENT194,SO,63858,74.24
CLIENT194,VTEB,384199,57.45
CLIENT194,VZ,78497,43.98
CLIENT194,GLD,45130,141.9
CLIENT194,KO,325076,46.06
CLIENT194,QQQ,27043,480.75
CLIENT194,MCD,75214,209.35
CLIENT194,NEE,73923,71.55
CLIENT194,SHY,1167783,73.08
CLIENT195,PEP,59696,223.29
CLIENT195,ABT,136108,92.94
CLIENT195,MDT,709769,74.03
CLIENT195,QQQ,126802,292.76
CLIENT195,KO,235257,68.66
CLIENT195,MCD,120927,244.4
CLIENT195,SPY,34030,591.54
CLIENT195,VTI,79290,315.72
CLIENT195,NEE,391233,55.67
CLIENT195,IEF,149869,129.94
CLIENT195,LQD,159807,120.44
CLIENT195,T,166106,16.14
CLIENT195,JNJ,807309,136.62
CLIENT196,HYG,439724,93.46
CLIENT196,QQQ,104823,343.73
CLIENT196,SO,337112,85.0
CLIENT196,IWM,109677,146.9
CLIENT196,LQD,216503,97.47
CLIENT196,TLT,301275,96.89
CLIENT196,PG,170372,116.51
CLIENT196,MCD,84042,255.5
CLIENT196,JNJ,51863,187.14
CLIENT196,IEF,225370,76.99
CLIENT196,GLD,27279,169.13
CLIENT196,VTEB,56781,64.81
CLIENT196,NEE,123925,74.19
CLIENT196,VTI,22927,281.21
CLIENT196,VZ,89389,51.88
CLIENT196,KO,142505,47.38
CLIENT196,SHY,26566,95.52
CLIENT196,ABT,29167,80.37
CLIENT196,SPY,18437,370.35
CLIENT196,PEP,36848,184.07
CLIENT196,MDT,13395,140.16
CLIENT196,T,2090297,20.92
CLIENT197,KO,1366331,51.46
CLIENT197,VTEB,1383313,54.14
CLIENT197,QQQ,151396,410.63
CLIENT197,PEP,133257,197.85
CLIENT197,GLD,363405,174.43
CLIENT197,IWM,59874,285.36
CLIENT197,VZ,632369,49.29
CLIENT197,TLT,325324,134.22
CLIENT197,VTI,112198,264.96
CLIENT197,SO,268849,59.65
CLIENT197,JNJ,37347,211.71
CLIENT197,HYG,313276,96.81
CLIENT197,LQD,148407,93.89
CLIENT197,PG,170202,166.73
CLIENT197,NEE,2598110,63.37
CLIENT198,VTEB,943568,60.34
CLIENT198,KO,165849,74.44
CLIENT198,QQQ,202419,345.39
CLIENT198,VTI,113590,318.18
CLIENT198,GLD,240677,146.0
CLIENT198,T,1586257,27.31
CLIENT198,JNJ,204602,211.87
CLIENT198,VZ,439400,40.03
CLIENT198,IWM,225125,153.47
CLIENT198,HYG,74616,74.88
CLIENT198,NEE,231571,58.02
CLIENT198,SO,516842,57.72
CLIENT198,PG,138581,178.93
CLIENT198,TLT,186809,77.89
CLIENT198,PEP,37824,209.74
CLIENT198,ABT,49802,128.28
CLIENT198,IEF,116476,108.32
CLIENT198,SHY,231090,79.84
CLIENT198,MCD,21667,357.62
CLIENT198,MDT,96792,130.62
CLIENT198,SPY,24205,518.04
CLIENT198,LQD,727143,102.03
CLIENT199,SHY,295502,100.72
CLIENT199,PEP,68963,197.89
CLIENT199,IEF,107662,114.52
CLIENT199,ABT,380538,99.58
CLIENT199,PG,44068,192.92
CLIENT199,QQQ,20755,535.35
CLIENT199,HYG,407938,104.85
CLIENT199,JNJ,160497,211.1
CLIENT199,SO,453834,72.06
CLIENT199,VTEB,106422,64.52
CLIENT199,MDT,242451,124.23
CLIENT199,MCD,46356,290.38
CLIENT199,LQD,1897710,98.51
CLIENT200,PG,61225,178.71
CLIENT200,NEE,264451,81.23
CLIENT200,JNJ,222289,156.22
CLIENT200,SPY,20181,519.99
CLIENT200,GLD,135444,171.87
CLIENT200,QQQ,64956,322.03
CLIENT200,TLT,212874,71.46
CLIENT200,IEF,284447,80.72
CLIENT200,VZ,375005,35.88
CLIENT200,MCD,62888,316.46
CLIENT200,SHY,155403,74.7
CLIENT200,MDT,111012,126.9
CLIENT200,LQD,21774,112.36
CLIENT200,ABT,28827,94.1
CLIENT200,IWM,25001,157.45
CLIENT200,PEP,25337,188.55
CLIENT200,VTEB,189592,55.62
CLIENT200,HYG,97125,84.1
CLIENT200,KO,31171,53.3
CLIENT200,VTI,13772,291.83
CLIENT200,T,2901068,21.6
